medallion,pickuptime,dropofftime,passengers,pickupx,pickupy,dropoffx,dropoffy,fare,paymenttype,surcharge,mtatax,tip,tolls,total
4C4A0AFC432A1A87E97ED8F18403FF6E,2013-01-18 00:38:08,2013-01-18 00:47:06,2,-73.984924,40.748253,-73.984062,40.765545,8.5,CSH,0.5,0.5,0,0,9.5
4C4A0AFC432A1A87E97ED8F18403FF6E,2013-01-18 01:16:07,2013-01-18 01:18:19,2,-73.984962,40.748161,-73.990875,40.748924,3.5,CSH,0.5,0.5,0,0,4.5
4C4A0AFC432A1A87E97ED8F18403FF6E,2013-01-18 02:05:33,2013-01-18 02:22:55,2,-73.987221,40.748051,-73.923866,40.761269,17,CSH,0.5,0.5,0,0,18
4C4A0AFC432A1A87E97ED8F18403FF6E,2013-01-18 05:11:13,2013-01-18 05:12:58,1,-73.992973,40.740288,-73.995331,40.742264,3.5,CSH,0.5,0.5,0,0,4.5
4C4A0AFC432A1A87E97ED8F18403FF6E,2013-01-18 05:26:29,2013-01-18 05:33:17,1,-73.99292,40.740387,-73.990692,40.724277,7.5,CSH,0.5,0.5,0,0,8.5
4C4A0AFC432A1A87E97ED8F18403FF6E,2013-01-18 05:59:00,2013-01-18 06:05:33,1,-73.978897,40.754272,-73.98317,40.76659,7,CRD,0,0.5,2,0,9.5
4C4A0AFC432A1A87E97ED8F18403FF6E,2013-01-18 06:27:58,2013-01-18 06:37:44,1,-73.99408,40.751396,-74.005608,40.727421,9,CSH,0,0.5,0,0,9.5
4C4A0AFC432A1A87E97ED8F18403FF6E,2013-01-18 06:48:19,2013-01-18 06:56:52,1,-73.994102,40.751328,-73.975243,40.757671,8,CRD,0,0.5,2.12,0,10.62
4C4A0AFC432A1A87E97ED8F18403FF6E,2013-01-18 07:06:12,2013-01-18 07:12:15,1,-73.977165,40.753216,-73.967819,40.759373,6,CRD,0,0.5,1.62,0,8.12
4C4A0AFC432A1A87E97ED8F18403FF6E,2013-01-18 08:47:19,2013-01-18 08:53:13,2,-73.974281,40.793243,-73.965927,40.805206,6.5,CSH,0,0.5,0,0,7
4C4A0AFC432A1A87E97ED8F18403FF6E,2013-01-18 09:00:56,2013-01-18 09:15:37,1,-73.975876,40.791836,-73.964828,40.77549,11.5,CRD,0,0.5,1,0,13
4C4A0AFC432A1A87E97ED8F18403FF6E,2013-01-18 09:18:25,2013-01-18 09:32:41,1,-73.963463,40.774693,-73.965431,40.756088,11.5,CSH,0,0.5,0,0,12
4C4A0AFC432A1A87E97ED8F18403FF6E,2013-01-18 09:44:49,2013-01-18 09:51:07,1,-73.96843,40.762562,-73.971481,40.758217,5.5,CSH,0,0.5,0,0,6
4C4A0AFC432A1A87E97ED8F18403FF6E,2013-01-18 10:33:47,2013-01-18 10:46:34,1,-73.982376,40.768185,-73.953072,40.773129,10.5,CSH,0,0.5,0,0,11
4C4A0AFC432A1A87E97ED8F18403FF6E,2013-01-18 11:20:58,2013-01-18 11:39:02,1,-73.962326,40.77906,-73.991096,40.750381,13.5,CRD,0,0.5,2.8,0,16.8
4C4A0AFC432A1A87E97ED8F18403FF6E,2013-01-18 11:53:39,2013-01-18 12:07:47,2,-74.003891,40.74155,-73.989136,40.743351,10,CRD,0,0.5,2.1,0,12.6
4C4A0AFC432A1A87E97ED8F18403FF6E,2013-01-18 12:21:02,2013-01-18 12:31:08,1,-74.004478,40.741528,-73.993568,40.747135,8,CRD,0,0.5,1.7,0,10.2
4C4A0AFC432A1A87E97ED8F18403FF6E,2013-01-18 12:51:44,2013-01-18 12:57:57,1,-74.004524,40.742069,-74.002594,40.7519,6,CRD,0,0.5,1,0,7.5
4C4A0AFC432A1A87E97ED8F18403FF6E,2013-01-18 13:24:10,2013-01-18 13:33:20,1,-74.004242,40.741737,-73.990891,40.745445,7.5,CRD,0,0.5,2,0,10
4C4A0AFC432A1A87E97ED8F18403FF6E,2013-01-18 14:03:04,2013-01-18 14:16:41,1,-74.004021,40.741516,-73.985298,40.754917,10,CRD,0,0.5,2.62,0,13.12
4C4A0AFC432A1A87E97ED8F18403FF6E,2013-01-18 14:32:40,2013-01-18 14:40:02,1,-74.004784,40.742016,-73.990067,40.741676,6.5,CRD,0,0.5,1,0,8
4C4A0AFC432A1A87E97ED8F18403FF6E,2013-01-18 14:45:33,2013-01-18 14:56:05,1,-73.984161,40.746674,-73.9702,40.758133,8.5,CSH,0,0.5,0,0,9
4C4A0AFC432A1A87E97ED8F18403FF6E,2013-01-18 16:09:23,2013-01-18 16:12:16,1,-73.990616,40.740189,-73.995979,40.732796,4,CSH,1,0.5,0,0,5.5
4C4A0AFC432A1A87E97ED8F18403FF6E,2013-01-18 16:53:29,2013-01-18 17:01:20,1,-73.999756,40.743439,-73.994003,40.75135,6.5,CSH,1,0.5,0,0,8
4C4A0AFC432A1A87E97ED8F18403FF6E,2013-01-18 17:10:54,2013-01-18 17:20:28,1,-73.983017,40.766651,-73.984962,40.775265,7.5,CSH,1,0.5,0,0,9
4C4A0AFC432A1A87E97ED8F18403FF6E,2013-01-18 17:24:31,2013-01-18 17:34:05,1,-73.981621,40.778656,-73.96978,40.799515,8.5,CSH,1,0.5,0,0,10
4C4A0AFC432A1A87E97ED8F18403FF6E,2013-01-18 17:36:28,2013-01-18 18:06:58,1,-73.971077,40.798336,-73.967697,40.752186,21,CRD,1,0.5,2,0,24.5
4C4A0AFC432A1A87E97ED8F18403FF6E,2013-01-18 18:11:35,2013-01-18 18:30:54,1,-73.970955,40.755821,-73.979172,40.783512,14,CRD,1,0.5,1,0,16.5
4C4A0AFC432A1A87E97ED8F18403FF6E,2013-01-18 19:23:20,2013-01-18 19:26:40,1,-73.965759,40.774422,-73.959282,40.775124,4.5,CRD,1,0.5,1.2,0,7.2
4C4A0AFC432A1A87E97ED8F18403FF6E,2013-01-18 19:45:29,2013-01-18 19:54:09,1,-73.972275,40.763538,-73.983612,40.749931,7.5,CRD,1,0.5,0,0,9
4C4A0AFC432A1A87E97ED8F18403FF6E,2013-01-18 20:06:51,2013-01-18 20:16:48,1,-73.980743,40.75301,-73.955734,40.768093,9.5,CRD,0.5,0.5,1,0,11.5
4C4A0AFC432A1A87E97ED8F18403FF6E,2013-01-18 20:17:42,2013-01-18 20:22:25,1,-73.955582,40.768265,-73.966064,40.76527,5.5,CRD,0.5,0.5,0.9,0,7.4
4C4A0AFC432A1A87E97ED8F18403FF6E,2013-01-18 20:36:09,2013-01-18 20:57:12,3,-73.962036,40.779453,-73.993736,40.727955,16.5,CSH,0.5,0.5,0,0,17.5
4C4A0AFC432A1A87E97ED8F18403FF6E,2013-01-18 22:12:34,2013-01-18 22:16:35,2,-73.973526,40.763638,-73.977425,40.753567,5,CSH,0.5,0.5,0,0,6
4C4A0AFC432A1A87E97ED8F18403FF6E,2013-01-18 22:51:00,2013-01-18 22:59:14,2,-73.984955,40.74823,-73.991005,40.755878,7,CSH,0.5,0.5,0,0,8
8139A6C9596767B37F84DACB7E200BDD,2013-02-11 00:02:00,2013-02-11 00:27:00,6,-73.863464,40.769997,-73.981827,40.772884,34,CRD,0.5,0.5,6.9,4.8,46.7
8139A6C9596767B37F84DACB7E200BDD,2013-02-11 00:30:00,2013-02-11 00:33:00,6,-73.984039,40.77029,-73.991364,40.760418,4.5,CRD,0.5,0.5,1,0,6.5
8139A6C9596767B37F84DACB7E200BDD,2013-02-11 00:33:00,2013-02-11 00:34:00,6,-73.992691,40.763393,-73.988503,40.761608,3,CRD,0.5,0.5,1.05,0,5.05
8139A6C9596767B37F84DACB7E200BDD,2013-02-11 00:42:00,2013-02-11 00:52:00,6,-73.98848,40.764156,-73.983498,40.744232,9,CSH,0.5,0.5,0,0,10
8139A6C9596767B37F84DACB7E200BDD,2013-02-11 01:11:00,2013-02-11 01:20:00,6,-74.009338,40.715416,-73.984299,40.695282,11,CRD,0.5,0.5,2.3,0,14.3
8139A6C9596767B37F84DACB7E200BDD,2013-02-11 05:54:00,2013-02-11 06:05:00,1,-73.991119,40.717442,-73.989372,40.747963,11.5,CRD,0.5,0.5,2,0,14.5
8139A6C9596767B37F84DACB7E200BDD,2013-02-11 06:08:00,2013-02-11 06:13:00,1,-73.991081,40.755531,-73.980446,40.751774,5.5,CSH,0,0.5,0,0,6
8139A6C9596767B37F84DACB7E200BDD,2013-02-11 06:16:00,2013-02-11 06:31:00,2,-73.983192,40.738708,-73.98719,40.770958,13.5,CRD,0,0.5,2.7,0,16.7
8139A6C9596767B37F84DACB7E200BDD,2013-02-11 06:34:00,2013-02-11 06:47:00,1,-73.977364,40.784359,-73.953224,40.767639,10.5,CSH,0,0.5,0,0,11
8139A6C9596767B37F84DACB7E200BDD,2013-02-11 06:51:00,2013-02-11 07:05:00,1,-73.955093,40.777248,-73.991081,40.74897,13.5,CSH,0,0.5,0,0,14
8139A6C9596767B37F84DACB7E200BDD,2013-02-11 07:24:00,2013-02-11 07:33:00,1,-73.994316,40.751122,-73.971985,40.75148,8.5,CSH,0,0.5,0,0,9
8139A6C9596767B37F84DACB7E200BDD,2013-02-11 07:36:00,2013-02-11 07:39:00,1,-73.968697,40.754295,-73.972977,40.755322,4,CRD,0,0.5,0.8,0,5.3
8139A6C9596767B37F84DACB7E200BDD,2013-02-11 07:41:00,2013-02-11 07:43:00,2,-73.975281,40.752033,-73.978409,40.747936,4,CSH,0,0.5,0,0,4.5
8139A6C9596767B37F84DACB7E200BDD,2013-02-11 07:54:00,2013-02-11 08:17:00,1,-73.981445,40.742271,-73.919006,40.758987,18,CRD,0,0.5,3.6,4.8,26.9
8139A6C9596767B37F84DACB7E200BDD,2013-02-11 08:18:00,2013-02-11 08:54:00,1,-73.922089,40.760502,-73.98468,40.74847,24,CSH,0,0.5,0,0,24.5
8139A6C9596767B37F84DACB7E200BDD,2013-02-11 08:57:00,2013-02-11 09:14:00,1,-73.984138,40.746517,-73.979126,40.761929,12,CRD,0,0.5,1,0,13.5
8139A6C9596767B37F84DACB7E200BDD,2013-02-11 09:20:00,2013-02-11 09:26:00,2,-73.977814,40.773594,-73.969818,40.7845,6,CRD,0,0.5,1,0,7.5
8139A6C9596767B37F84DACB7E200BDD,2013-02-11 09:27:00,2013-02-11 09:38:00,1,-73.967117,40.788101,-73.94249,40.786343,9.5,CRD,0,0.5,2.38,0,12.38
8139A6C9596767B37F84DACB7E200BDD,2013-02-11 09:41:00,2013-02-11 10:13:00,2,-73.948097,40.782856,-73.990028,40.763981,22,CSH,0,0.5,0,0,22.5
8139A6C9596767B37F84DACB7E200BDD,2013-02-11 10:25:00,2013-02-11 10:39:00,1,-73.986702,40.779091,-73.960899,40.775879,11,CRD,0,0.5,1.5,0,13
8139A6C9596767B37F84DACB7E200BDD,2013-02-11 10:41:00,2013-02-11 10:55:00,2,-73.95903,40.774891,-73.982925,40.743664,11.5,CRD,0,0.5,2,0,14
8139A6C9596767B37F84DACB7E200BDD,2013-02-11 11:11:00,2013-02-11 11:23:00,3,-73.986938,40.739262,-73.985062,40.753681,9.5,CSH,0,0.5,0,0,10
8139A6C9596767B37F84DACB7E200BDD,2013-02-11 11:26:00,2013-02-11 11:39:00,2,-73.980209,40.760834,-73.994148,40.758308,9.5,CRD,0,0.5,1.9,0,11.9
8139A6C9596767B37F84DACB7E200BDD,2013-02-11 12:09:00,2013-02-11 12:18:00,2,-73.988647,40.768955,-73.970413,40.793922,9,CRD,0,0.5,1.8,0,11.3
8139A6C9596767B37F84DACB7E200BDD,2013-02-11 12:21:00,2013-02-11 12:23:00,2,-73.970428,40.788933,-73.970779,40.783394,4,CRD,0,0.5,0.8,0,5.3
8139A6C9596767B37F84DACB7E200BDD,2013-02-11 12:27:00,2013-02-11 12:38:00,1,-73.975098,40.782589,-73.982292,40.772533,8.5,CSH,0,0.5,0,0,9
8139A6C9596767B37F84DACB7E200BDD,2013-02-11 12:59:00,2013-02-11 13:38:00,3,-73.987236,40.75935,-73.962685,40.663425,31,CSH,0,0.5,0,0,31.5
8139A6C9596767B37F84DACB7E200BDD,2013-02-11 17:12:00,2013-02-11 17:21:00,6,-73.983002,40.750721,-73.995605,40.726818,9,CRD,1,0.5,2,0,12.5
8139A6C9596767B37F84DACB7E200BDD,2013-02-11 17:23:00,2013-02-11 17:31:00,6,-73.996399,40.725826,-73.985474,40.7327,7.5,CRD,1,0.5,1.7,0,10.7
8139A6C9596767B37F84DACB7E200BDD,2013-02-11 17:34:00,2013-02-11 17:40:00,6,-73.982254,40.731606,-73.976738,40.743595,6.5,CSH,1,0.5,0,0,8
8139A6C9596767B37F84DACB7E200BDD,2013-02-11 17:42:00,2013-02-11 17:53:00,6,-73.979042,40.740501,-73.98143,40.751118,8.5,CRD,1,0.5,1,0,11
8139A6C9596767B37F84DACB7E200BDD,2013-02-11 17:54:00,2013-02-11 18:07:00,6,-73.983002,40.752052,-73.994896,40.728844,10.5,CRD,1,0.5,1,0,13
8139A6C9596767B37F84DACB7E200BDD,2013-02-11 18:13:00,2013-02-11 18:22:00,6,-73.993774,40.741417,-73.98468,40.732697,7.5,CRD,1,0.5,1.5,0,10.5
8139A6C9596767B37F84DACB7E200BDD,2013-02-11 18:24:00,2013-02-11 18:29:00,1,-73.988274,40.73122,-73.99292,40.723408,5.5,CRD,1,0.5,1,0,8
8139A6C9596767B37F84DACB7E200BDD,2013-02-11 18:30:00,2013-02-11 18:48:00,6,-73.993912,40.722603,-73.995728,40.759193,15,CRD,1,0.5,2.5,0,19
8139A6C9596767B37F84DACB7E200BDD,2013-02-11 18:52:00,2013-02-11 18:56:00,6,-73.99231,40.759026,-74.000069,40.758396,4.5,CSH,1,0.5,0,0,6
8139A6C9596767B37F84DACB7E200BDD,2013-02-11 19:02:00,2013-02-11 19:10:00,6,-74.000633,40.757771,-73.991936,40.755787,7,CRD,1,0.5,1.6,0,10.1
8139A6C9596767B37F84DACB7E200BDD,2013-02-11 19:11:00,2013-02-11 19:24:00,6,-73.993408,40.756535,-73.9814,40.741112,10,CSH,1,0.5,0,0,11.5
8139A6C9596767B37F84DACB7E200BDD,2013-02-11 19:31:00,2013-02-11 19:40:00,6,-73.988373,40.741146,-74.002968,40.750526,7.5,CSH,1,0.5,0,0,9
8139A6C9596767B37F84DACB7E200BDD,2013-02-11 19:46:00,2013-02-11 19:52:00,6,-73.999191,40.754417,-74.003914,40.742023,6.5,CRD,1,0.5,2.25,0,10.25
8139A6C9596767B37F84DACB7E200BDD,2013-02-11 19:53:00,2013-02-11 20:02:00,6,-74.00119,40.741581,-73.987885,40.735386,7,CRD,1,0.5,1.6,0,10.1
8139A6C9596767B37F84DACB7E200BDD,2013-02-11 20:07:00,2013-02-11 20:29:00,6,-73.986465,40.740032,-73.937027,40.855133,31,CRD,0.5,0.5,7.88,0,39.88
8139A6C9596767B37F84DACB7E200BDD,2013-02-11 20:46:00,2013-02-11 20:54:00,6,-73.991455,40.760056,-73.990669,40.75106,6.5,CSH,0.5,0.5,0,0,7.5
8139A6C9596767B37F84DACB7E200BDD,2013-02-11 20:55:00,2013-02-11 21:05:00,6,-73.991432,40.750149,-73.972961,40.753059,9,CRD,0.5,0.5,1.9,0,11.9
8139A6C9596767B37F84DACB7E200BDD,2013-02-11 21:07:00,2013-02-11 21:24:00,6,-73.970634,40.756096,-73.950058,40.811428,17,CRD,0.5,0.5,3.5,0,21.5
8139A6C9596767B37F84DACB7E200BDD,2013-02-11 22:16:00,2013-02-11 22:27:00,6,-73.941978,40.791203,-73.910645,40.819122,11.5,CSH,0.5,0.5,0,0,12.5
8139A6C9596767B37F84DACB7E200BDD,2013-02-11 23:02:00,2013-02-11 23:13:00,6,-73.992767,40.73402,-73.970291,40.749081,9.5,CSH,0.5,0.5,0,0,10.5
8139A6C9596767B37F84DACB7E200BDD,2013-02-11 23:18:00,2013-02-11 23:23:00,6,-73.971405,40.746902,-73.949409,40.776798,8.5,CRD,0.5,0.5,1.8,0,11.3
8139A6C9596767B37F84DACB7E200BDD,2013-02-11 23:25:00,2013-02-11 23:38:00,6,-73.947243,40.779362,-73.976784,40.763016,12.5,CRD,0.5,0.5,1.35,0,14.85
FF2C42685FE5822F7A6DE63D32ED8193,2013-02-25 00:07:00,2013-02-25 00:15:00,1,-73.972763,40.749039,-73.994781,40.721405,10,CRD,0.5,0.5,2.1,0,13.1
FF2C42685FE5822F7A6DE63D32ED8193,2013-02-25 00:16:00,2013-02-25 00:22:00,1,-73.99453,40.722031,-74.00547,40.727463,6.5,CRD,0.5,0.5,1.4,0,8.9
FF2C42685FE5822F7A6DE63D32ED8193,2013-02-25 00:24:00,2013-02-25 00:29:00,1,-74.003838,40.725712,-74.002228,40.738506,6,CSH,0.5,0.5,0,0,7
FF2C42685FE5822F7A6DE63D32ED8193,2013-02-25 00:30:00,2013-02-25 00:37:00,1,-74.003838,40.725712,-73.977577,40.784134,12,CRD,0.5,0.5,2,0,15
FF2C42685FE5822F7A6DE63D32ED8193,2013-02-25 01:21:00,2013-02-25 01:26:00,1,-73.997963,40.760601,-73.996399,40.75423,5.5,CRD,0.5,0.5,1.8,0,8.3
FF2C42685FE5822F7A6DE63D32ED8193,2013-02-25 01:45:00,2013-02-25 02:08:00,1,-74.008598,40.740616,-73.905922,40.745361,24.5,CRD,0.5,0.5,7.5,0,33
FF2C42685FE5822F7A6DE63D32ED8193,2013-02-25 07:33:00,2013-02-25 07:46:00,1,-73.962746,40.767014,-73.966515,40.789124,11,CRD,0,0.5,1.25,0,12.75
FF2C42685FE5822F7A6DE63D32ED8193,2013-02-25 07:55:00,2013-02-25 08:02:00,1,-73.95282,40.786526,-73.960175,40.774818,6.5,CSH,0,0.5,0,0,7
FF2C42685FE5822F7A6DE63D32ED8193,2013-02-25 08:04:00,2013-02-25 08:14:00,1,-73.95282,40.786526,-73.973106,40.755905,9,CSH,0,0.5,0,0,9.5
FF2C42685FE5822F7A6DE63D32ED8193,2013-02-25 08:21:00,2013-02-25 08:23:00,1,-73.97451,40.756367,-73.971634,40.759922,4,CSH,0,0.5,0,0,4.5
FF2C42685FE5822F7A6DE63D32ED8193,2013-02-25 08:26:00,2013-02-25 08:32:00,1,-73.968269,40.764736,-73.958771,40.772507,6,CRD,0,0.5,0.45,0,6.95
FF2C42685FE5822F7A6DE63D32ED8193,2013-02-25 08:33:00,2013-02-25 08:39:00,1,-73.957115,40.77454,-73.95359,40.787987,6.5,CSH,0,0.5,0,0,7
FF2C42685FE5822F7A6DE63D32ED8193,2013-02-25 08:43:00,2013-02-25 08:54:00,1,-73.955177,40.788754,-73.949966,40.772068,9,CRD,0,0.5,1.5,0,11
FF2C42685FE5822F7A6DE63D32ED8193,2013-02-25 08:55:00,2013-02-25 09:00:00,1,-73.948853,40.771576,-73.952499,40.778175,6,CSH,0,0.5,0,0,6.5
FF2C42685FE5822F7A6DE63D32ED8193,2013-02-25 09:01:00,2013-02-25 09:08:00,1,-73.953613,40.77845,-73.975052,40.790169,8,CRD,0,0.5,1,0,9.5
FF2C42685FE5822F7A6DE63D32ED8193,2013-02-25 09:10:00,2013-02-25 09:21:00,1,-73.971336,40.794441,-73.948257,40.784863,9,CSH,0,0.5,0,0,9.5
FF2C42685FE5822F7A6DE63D32ED8193,2013-02-25 09:22:00,2013-02-25 09:27:00,1,-73.971336,40.794441,-73.945831,40.772121,6,CRD,0,0.5,0,0,6.5
FF2C42685FE5822F7A6DE63D32ED8193,2013-02-25 09:30:00,2013-02-25 09:41:00,1,-73.948044,40.770329,-73.988403,40.734772,14,CRD,0,0.5,1.5,0,16
FF2C42685FE5822F7A6DE63D32ED8193,2013-02-25 09:48:00,2013-02-25 10:04:00,1,-73.984024,40.737659,-73.958359,40.772209,13.5,CRD,0,0.5,3.38,0,17.38
FF2C42685FE5822F7A6DE63D32ED8193,2013-02-25 10:06:00,2013-02-25 10:10:00,1,-73.956306,40.771416,-73.950279,40.771511,4.5,CRD,0,0.5,1.12,0,6.12
FF2C42685FE5822F7A6DE63D32ED8193,2013-02-25 10:11:00,2013-02-25 10:29:00,1,-73.949409,40.772854,-73.92543,40.74194,18,CRD,0,0.5,1,0,19.5
FF2C42685FE5822F7A6DE63D32ED8193,2013-02-25 10:43:00,2013-02-25 10:48:00,1,-73.965767,40.762608,-73.968338,40.755634,5.5,CRD,0,0.5,1.38,0,7.38
FF2C42685FE5822F7A6DE63D32ED8193,2013-02-25 10:50:00,2013-02-25 10:58:00,1,-73.969574,40.757439,-73.981873,40.768578,7,CRD,0,0.5,1.2,0,8.7
FF2C42685FE5822F7A6DE63D32ED8193,2013-02-25 11:11:00,2013-02-25 11:17:00,1,-73.956703,40.78075,-73.95713,40.774246,6,CRD,0,0.5,1.2,0,7.7
FF2C42685FE5822F7A6DE63D32ED8193,2013-02-25 11:19:00,2013-02-25 11:23:00,1,-73.958275,40.774715,-73.964325,40.769958,5,CSH,0,0.5,0,0,5.5
FF2C42685FE5822F7A6DE63D32ED8193,2013-02-25 13:06:00,2013-02-25 13:13:00,1,-73.953285,40.775574,-73.971298,40.761864,8,CRD,0,0.5,1.6,0,10.1
FF2C42685FE5822F7A6DE63D32ED8193,2013-02-25 13:16:00,2013-02-25 13:38:00,1,-73.975555,40.765007,-73.952019,40.818893,19.5,CRD,0,0.5,3.9,0,23.9
FF2C42685FE5822F7A6DE63D32ED8193,2013-02-25 13:47:00,2013-02-25 13:55:00,1,-73.967834,40.802452,-73.983192,40.779266,9,CRD,0,0.5,2.25,0,11.75
FF2C42685FE5822F7A6DE63D32ED8193,2013-02-25 14:01:00,2013-02-25 14:07:00,1,-73.977219,40.784531,-73.966881,40.788662,6,CSH,0,0.5,0,0,6.5
FF2C42685FE5822F7A6DE63D32ED8193,2013-02-25 14:08:00,2013-02-25 14:17:00,1,-73.967773,40.787373,-73.956062,40.773464,8.5,CRD,0,0.5,1.7,0,10.7
FF2C42685FE5822F7A6DE63D32ED8193,2013-02-25 14:23:00,2013-02-25 14:35:00,1,-73.960968,40.765816,-73.974663,40.783115,10.5,CRD,0,0.5,1.1,0,12.1
FF2C42685FE5822F7A6DE63D32ED8193,2013-02-25 14:41:00,2013-02-25 14:49:00,1,-73.981682,40.772717,-73.966034,40.768383,7,CSH,0,0.5,0,0,7.5
FF2C42685FE5822F7A6DE63D32ED8193,2013-02-25 14:56:00,2013-02-25 15:28:00,1,-73.952057,40.781212,-73.790283,40.643902,52,CSH,0,0.5,0,4.8,57.3
FF2C42685FE5822F7A6DE63D32ED8193,2013-02-25 16:18:00,2013-02-25 17:14:00,1,-73.79023,40.646984,-74.013268,40.704277,52,CRD,0,0.5,10.4,4.8,67.7
FF2C42685FE5822F7A6DE63D32ED8193,2013-02-25 18:44:00,2013-02-25 19:01:00,1,-73.922791,40.743832,-73.986565,40.730427,17.5,CRD,1,0.5,3.7,0,22.7
FF2C42685FE5822F7A6DE63D32ED8193,2013-02-25 19:11:00,2013-02-25 19:34:00,1,-73.98214,40.745792,-73.922379,40.775887,20.5,CRD,1,0.5,2,0,24
FF2C42685FE5822F7A6DE63D32ED8193,2013-02-25 20:04:00,2013-02-25 20:20:00,1,-73.865829,40.770817,-73.952293,40.766327,26.5,CRD,0.5,0.5,6.75,4.8,39.05
FF2C42685FE5822F7A6DE63D32ED8193,2013-02-25 20:28:00,2013-02-25 20:35:00,1,-73.95649,40.771362,-73.97084,40.761765,7,CRD,0.5,0.5,1,0,9
FF2C42685FE5822F7A6DE63D32ED8193,2013-02-25 20:39:00,2013-02-25 20:52:00,1,-73.970985,40.761623,-73.993561,40.733486,11.5,CRD,0.5,0.5,2.4,0,14.9
FF2C42685FE5822F7A6DE63D32ED8193,2013-02-25 20:53:00,2013-02-25 20:59:00,1,-73.994713,40.733959,-74.004173,40.730164,5.5,CRD,0.5,0.5,1.2,0,7.7
FF2C42685FE5822F7A6DE63D32ED8193,2013-02-25 21:03:00,2013-02-25 21:10:00,1,-74.006432,40.735149,-74.00428,40.722546,6.5,CSH,0.5,0.5,0,0,7.5
FF2C42685FE5822F7A6DE63D32ED8193,2013-02-25 21:11:00,2013-02-25 21:22:00,1,-74.003868,40.722492,-74.001213,40.746483,9.5,CSH,0.5,0.5,0,0,10.5
FF2C42685FE5822F7A6DE63D32ED8193,2013-02-25 21:24:00,2013-02-25 21:46:00,1,-74.003418,40.748978,-73.981567,40.728851,16,CSH,0.5,0.5,0,0,17
FF2C42685FE5822F7A6DE63D32ED8193,2013-02-25 21:50:00,2013-02-25 22:03:00,1,-73.988487,40.720127,-73.952667,40.730381,15,CSH,0.5,0.5,0,0,16
FF2C42685FE5822F7A6DE63D32ED8193,2013-02-25 22:29:00,2013-02-25 22:51:00,1,-73.987854,40.721008,-73.987709,40.762905,19.5,CRD,0.5,0.5,2,0,22.5
FF2C42685FE5822F7A6DE63D32ED8193,2013-02-25 22:53:00,2013-02-25 23:08:00,1,-73.98613,40.762527,-73.953224,40.812492,18,CRD,0.5,0.5,3.7,0,22.7
FF2C42685FE5822F7A6DE63D32ED8193,2013-02-25 23:19:00,2013-02-25 23:22:00,1,-73.968277,40.799824,-73.973686,40.792992,4.5,CRD,0.5,0.5,1,0,6.5
FF2C42685FE5822F7A6DE63D32ED8193,2013-02-25 23:32:00,2013-02-25 23:49:00,1,-73.983246,40.771305,-73.916245,40.762314,17,CRD,0.5,0.5,3.5,0,21.5
FF2C42685FE5822F7A6DE63D32ED8193,2013-02-25 23:52:00,2013-02-26 00:06:00,1,-73.914993,40.763821,-73.868355,40.749275,13.5,CSH,0.5,0.5,0,0,14.5
D0E11AB0F51BFD9FF4053F8A585D1A89,2013-03-01 01:10:00,2013-03-01 01:28:00,3,-73.945496,40.719227,-74.00148,40.726063,19,CRD,0.5,0.5,3.9,0,23.9
D0E11AB0F51BFD9FF4053F8A585D1A89,2013-03-01 05:26:00,2013-03-01 05:29:00,2,-73.98941,40.756882,-73.97744,40.756958,5,CSH,0.5,0.5,0,0,6
D0E11AB0F51BFD9FF4053F8A585D1A89,2013-03-01 05:47:00,2013-03-01 05:51:00,2,-73.977745,40.75275,-73.989876,40.751911,5,CSH,0.5,0.5,0,0,6
D0E11AB0F51BFD9FF4053F8A585D1A89,2013-03-01 05:57:00,2013-03-01 06:00:00,2,-73.991249,40.749573,-73.991005,40.74448,4,CSH,0.5,0.5,0,0,5
D0E11AB0F51BFD9FF4053F8A585D1A89,2013-03-01 06:10:00,2013-03-01 06:19:00,2,-73.993988,40.751225,-73.95945,40.765926,10.5,CSH,0,0.5,0,0,11
D0E11AB0F51BFD9FF4053F8A585D1A89,2013-03-01 06:31:00,2013-03-01 06:37:00,2,-73.957062,40.77084,-73.975395,40.755344,7.5,CSH,0,0.5,0,0,8
D0E11AB0F51BFD9FF4053F8A585D1A89,2013-03-01 06:42:00,2013-03-01 06:47:00,2,-73.977348,40.752735,-73.980164,40.75824,5.5,CSH,0,0.5,0,0,6
D0E11AB0F51BFD9FF4053F8A585D1A89,2013-03-01 06:53:00,2013-03-01 06:55:00,2,-73.987732,40.754364,-73.984818,40.763939,4.5,CSH,0,0.5,0,0,5
D0E11AB0F51BFD9FF4053F8A585D1A89,2013-03-01 07:06:00,2013-03-01 07:15:00,2,-73.990646,40.756638,-73.991478,40.739876,8.5,CRD,0,0.5,1,0,10
D0E11AB0F51BFD9FF4053F8A585D1A89,2013-03-01 07:34:00,2013-03-01 07:56:00,2,-73.960098,40.773056,-73.985291,40.748768,17.5,CSH,0,0.5,0,0,18
D0E11AB0F51BFD9FF4053F8A585D1A89,2013-03-01 08:02:00,2013-03-01 08:02:00,2,-73.990074,40.7561,0,0,2.5,CSH,0,0.5,0,0,3
D0E11AB0F51BFD9FF4053F8A585D1A89,2013-03-01 08:03:00,2013-03-01 08:08:00,2,-73.990616,40.756836,-73.981514,40.757454,5,CSH,0,0.5,0,0,5.5
D0E11AB0F51BFD9FF4053F8A585D1A89,2013-03-01 08:10:00,2013-03-01 08:12:00,2,-73.976578,40.756493,-73.979187,40.760532,4,CRD,0,0.5,1,0,5.5
D0E11AB0F51BFD9FF4053F8A585D1A89,2013-03-01 08:16:00,2013-03-01 08:39:00,2,-73.985405,40.763988,-73.946411,40.806477,18,CRD,0,0.5,4.5,0,23
D0E11AB0F51BFD9FF4053F8A585D1A89,2013-03-01 08:44:00,2013-03-01 08:49:00,2,-73.954147,40.806187,-73.948997,40.803497,5,CSH,0,0.5,0,0,5.5
D0E11AB0F51BFD9FF4053F8A585D1A89,2013-03-01 09:00:00,2013-03-01 09:04:00,2,-73.958313,40.800854,-73.963249,40.803833,4.5,CSH,0,0.5,0,0,5
D0E11AB0F51BFD9FF4053F8A585D1A89,2013-03-01 09:08:00,2013-03-01 09:23:00,2,-73.969864,40.789772,-73.97094,40.760876,12.5,CRD,0,0.5,2.5,0,15.5
D0E11AB0F51BFD9FF4053F8A585D1A89,2013-03-01 09:39:00,2013-03-01 09:51:00,2,-73.955513,40.777088,-73.975899,40.781311,9.5,CSH,0,0.5,0,0,10
D0E11AB0F51BFD9FF4053F8A585D1A89,2013-03-01 09:52:00,2013-03-01 10:18:00,2,-73.97876,40.777184,-73.984673,40.740135,18.5,CRD,0,0.5,3.7,0,22.7
D0E11AB0F51BFD9FF4053F8A585D1A89,2013-03-01 10:26:00,2013-03-01 10:45:00,2,-73.975952,40.749023,-73.989693,40.740376,12.5,CRD,0,0.5,2.5,0,15.5
D0E11AB0F51BFD9FF4053F8A585D1A89,2013-03-01 11:26:00,2013-03-01 11:47:00,2,-73.976715,40.766171,-73.945282,40.774921,14.5,CRD,0,0.5,2.9,0,17.9
D0E11AB0F51BFD9FF4053F8A585D1A89,2013-03-01 12:07:00,2013-03-01 12:15:00,2,-73.960297,40.770348,-73.974518,40.783249,8,CSH,0,0.5,0,0,8.5
D0E11AB0F51BFD9FF4053F8A585D1A89,2013-03-01 12:17:00,2013-03-01 12:24:00,2,-73.9795,40.777714,-73.982513,40.769604,6.5,CRD,0,0.5,1.3,0,8.3
D0E11AB0F51BFD9FF4053F8A585D1A89,2013-03-01 12:29:00,2013-03-01 12:38:00,2,-73.98185,40.768654,-73.969566,40.786198,8.5,CSH,0,0.5,0,0,9
D0E11AB0F51BFD9FF4053F8A585D1A89,2013-03-01 12:39:00,2013-03-01 12:47:00,2,-73.973518,40.784687,-73.98484,40.769405,7,CRD,0,0.5,1.75,0,9.25
D0E11AB0F51BFD9FF4053F8A585D1A89,2013-03-01 12:49:00,2013-03-01 13:05:00,2,-73.986702,40.771481,-73.950447,40.771461,13,CSH,0,0.5,0,0,13.5
D0E11AB0F51BFD9FF4053F8A585D1A89,2013-03-01 13:09:00,2013-03-01 13:21:00,2,-73.952309,40.777321,-73.97377,40.763363,10,CRD,0,0.5,2,0,12.5
D0E11AB0F51BFD9FF4053F8A585D1A89,2013-03-01 13:22:00,2013-03-01 13:32:00,2,-73.974823,40.762054,-73.968338,40.754757,7.5,CRD,0,0.5,2.25,0,10.25
D0E11AB0F51BFD9FF4053F8A585D1A89,2013-03-01 13:43:00,2013-03-01 13:47:00,2,-73.965317,40.762276,-73.959831,40.770008,5,CSH,0,0.5,0,0,5.5
D0E11AB0F51BFD9FF4053F8A585D1A89,2013-03-01 13:51:00,2013-03-01 14:00:00,2,-73.954842,40.777988,-73.966042,40.789742,8,CSH,0,0.5,0,0,8.5
D0E11AB0F51BFD9FF4053F8A585D1A89,2013-03-01 14:03:00,2013-03-01 14:11:00,2,-73.969772,40.789993,-73.96093,40.7784,7,CRD,0,0.5,1,0,8.5
D0E11AB0F51BFD9FF4053F8A585D1A89,2013-03-01 14:18:00,2013-03-01 14:22:00,2,-73.958092,40.772945,-73.950951,40.77581,5,CSH,0,0.5,0,0,5.5
D0E11AB0F51BFD9FF4053F8A585D1A89,2013-03-01 14:28:00,2013-03-01 14:39:00,2,-73.954361,40.765591,-73.973915,40.754578,9,CRD,0,0.5,2.25,0,11.75
D0E11AB0F51BFD9FF4053F8A585D1A89,2013-03-01 16:24:00,2013-03-01 17:02:00,4,-73.791328,40.65583,-73.941849,40.806293,52,CSH,0,0.5,0,4.8,57.3
D0E11AB0F51BFD9FF4053F8A585D1A89,2013-03-01 17:05:00,2013-03-01 17:09:00,3,-73.946472,40.808231,-73.94117,40.818813,5.5,CSH,1,0.5,0,0,7
D0E11AB0F51BFD9FF4053F8A585D1A89,2013-03-01 17:27:00,2013-03-01 17:31:00,3,-73.971298,40.787922,-73.967758,40.791885,5,CRD,1,0.5,1.2,0,7.7
D0E11AB0F51BFD9FF4053F8A585D1A89,2013-03-01 17:34:00,2013-03-01 17:37:00,3,-73.967598,40.792572,-73.975075,40.790215,4.5,CRD,1,0.5,1.1,0,7.1
D0E11AB0F51BFD9FF4053F8A585D1A89,2013-03-01 17:41:00,2013-03-01 17:51:00,3,-73.974716,40.790768,-73.984299,40.769272,9.5,CSH,1,0.5,0,0,11
D0E11AB0F51BFD9FF4053F8A585D1A89,2013-03-01 17:53:00,2013-03-01 18:28:00,3,-73.98777,40.770267,-73.92041,40.830608,26,CRD,1,0.5,0,0,27.5
D0E11AB0F51BFD9FF4053F8A585D1A89,2013-03-01 18:50:00,2013-03-01 18:54:00,3,-73.954521,40.789337,-73.96096,40.778259,5.5,CRD,1,0.5,2,0,9
D0E11AB0F51BFD9FF4053F8A585D1A89,2013-03-01 18:56:00,2013-03-01 19:03:00,3,-73.957558,40.776936,-73.947113,40.771656,6.5,CRD,1,0.5,2,0,10
D0E11AB0F51BFD9FF4053F8A585D1A89,2013-03-01 19:07:00,2013-03-01 19:27:00,3,-73.959236,40.774647,-73.95504,40.718369,19.5,CRD,1,0.5,0,0,21
D0E11AB0F51BFD9FF4053F8A585D1A89,2013-03-01 19:42:00,2013-03-01 19:58:00,3,-73.988144,40.723186,-73.948891,40.777615,16,CSH,1,0.5,0,0,17.5
D0E11AB0F51BFD9FF4053F8A585D1A89,2013-03-01 20:53:00,2013-03-01 21:07:00,3,-73.975479,40.749672,-73.940262,40.709888,16,CRD,0.5,0.5,4.12,4.8,25.92
D0E11AB0F51BFD9FF4053F8A585D1A89,2013-03-01 21:15:00,2013-03-01 21:25:00,3,-73.951401,40.71172,-73.98661,40.722012,10.5,CRD,0.5,0.5,2.2,0,13.7
D0E11AB0F51BFD9FF4053F8A585D1A89,2013-03-01 21:28:00,2013-03-01 21:40:00,3,-73.983009,40.726738,-73.997955,40.741165,10,CRD,0.5,0.5,1.5,0,12.5
D0E11AB0F51BFD9FF4053F8A585D1A89,2013-03-01 21:49:00,2013-03-01 21:55:00,3,-73.983467,40.75563,-73.976593,40.775486,7.5,CRD,0.5,0.5,1.6,0,10.1
D0E11AB0F51BFD9FF4053F8A585D1A89,2013-03-01 21:56:00,2013-03-01 22:10:00,4,-73.977669,40.776985,-73.988754,40.741924,13,CSH,0.5,0.5,0,0,14
D0E11AB0F51BFD9FF4053F8A585D1A89,2013-03-01 22:11:00,2013-03-01 22:18:00,3,-73.977669,40.776985,-73.980865,40.743423,6,CSH,0.5,0.5,0,0,7
D0E11AB0F51BFD9FF4053F8A585D1A89,2013-03-01 22:29:00,2013-03-01 22:33:00,3,-73.980995,40.742016,-73.975914,40.748985,5,CSH,0.5,0.5,0,0,6
D0E11AB0F51BFD9FF4053F8A585D1A89,2013-03-01 22:36:00,2013-03-01 22:42:00,3,-73.96949,40.757023,-73.952293,40.772572,7.5,CSH,0.5,0.5,0,0,8.5
0FE34002F6E240EBAE51520DEF0D2259,2013-04-17 00:19:39,2013-04-17 00:32:02,1,-73.783005,40.648525,-73.965332,40.763577,11,CSH,0.5,0.5,0,0,12
0FE34002F6E240EBAE51520DEF0D2259,2013-04-17 01:01:59,2013-04-17 01:09:11,1,-73.966789,40.764191,-73.966789,40.764191,8,CRD,0.5,0.5,1.8,0,10.8
0FE34002F6E240EBAE51520DEF0D2259,2013-04-17 01:42:46,2013-04-17 01:55:43,1,-73.9916,40.759949,-73.9916,40.759949,16.5,CRD,0.5,0.5,2,0,19.5
0FE34002F6E240EBAE51520DEF0D2259,2013-04-17 04:13:41,2013-04-17 04:23:01,1,-74.003922,40.716797,-74.003922,40.716797,9.5,CSH,0.5,0.5,0,0,10.5
0FE34002F6E240EBAE51520DEF0D2259,2013-04-17 04:54:09,2013-04-17 05:14:49,1,-74.007011,40.742035,-73.894638,40.766338,33,CSH,0.5,0.5,0,5.33,39.33
0FE34002F6E240EBAE51520DEF0D2259,2013-04-17 05:38:05,2013-04-17 05:42:05,1,-73.894638,40.766338,-73.894638,40.766338,5.5,CRD,0.5,0.5,1,0,7.5
0FE34002F6E240EBAE51520DEF0D2259,2013-04-17 07:41:19,2013-04-17 07:51:29,1,-73.983566,40.725876,-73.96711,40.755875,10,CRD,0,0.5,2.1,0,12.6
0FE34002F6E240EBAE51520DEF0D2259,2013-04-17 07:55:15,2013-04-17 08:06:22,1,-73.966751,40.764076,-73.953247,40.778496,9,CSH,0,0.5,0,0,9.5
0FE34002F6E240EBAE51520DEF0D2259,2013-04-17 08:07:42,2013-04-17 08:27:16,1,-73.953247,40.778496,-73.94796,40.770447,13.5,CRD,0,0.5,2,0,16
0FE34002F6E240EBAE51520DEF0D2259,2013-04-17 08:29:37,2013-04-17 08:32:12,1,-73.94796,40.770447,-73.94796,40.770447,4,CSH,0,0.5,0,0,4.5
0FE34002F6E240EBAE51520DEF0D2259,2013-04-17 08:35:33,2013-04-17 08:47:07,1,-73.94796,40.770447,-73.970367,40.757023,8.5,CRD,0,0.5,1,0,10
0FE34002F6E240EBAE51520DEF0D2259,2013-04-17 08:51:18,2013-04-17 09:00:36,1,-73.970367,40.757023,-73.970367,40.757023,7.5,CRD,0,0.5,1.6,0,9.6
0FE34002F6E240EBAE51520DEF0D2259,2013-04-17 09:19:32,2013-04-17 09:24:21,1,-73.981941,40.731144,-73.981941,40.731144,5.5,CRD,0,0.5,1.2,0,7.2
0FE34002F6E240EBAE51520DEF0D2259,2013-04-17 09:31:29,2013-04-17 09:45:26,1,-73.990028,40.729683,-73.990028,40.729683,11,CRD,0,0.5,1,0,12.5
0FE34002F6E240EBAE51520DEF0D2259,2013-04-17 09:52:21,2013-04-17 10:09:08,1,-73.974831,40.756184,-73.963417,40.758472,12,CSH,0,0.5,0,0,12.5
0FE34002F6E240EBAE51520DEF0D2259,2013-04-17 10:20:27,2013-04-17 10:23:25,1,-73.955711,40.768272,-73.95948,40.773327,4,CSH,0,0.5,0,0,4.5
0FE34002F6E240EBAE51520DEF0D2259,2013-04-17 10:38:25,2013-04-17 10:44:28,1,-73.953438,40.782421,-73.949738,40.77235,6.5,CSH,0,0.5,0,0,7
0FE34002F6E240EBAE51520DEF0D2259,2013-04-17 10:50:43,2013-04-17 10:57:18,2,-73.958382,40.768818,-73.961731,40.767845,6,CRD,0,0.5,1,0,7.5
0FE34002F6E240EBAE51520DEF0D2259,2013-04-17 11:03:26,2013-04-17 11:15:59,1,-73.960655,40.772606,-73.958466,40.76886,8.5,CRD,0,0.5,0,0,9
0FE34002F6E240EBAE51520DEF0D2259,2013-04-17 11:20:10,2013-04-17 11:30:37,1,-73.958466,40.76886,-73.958069,40.773506,8,CSH,0,0.5,0,0,8.5
0FE34002F6E240EBAE51520DEF0D2259,2013-04-17 11:38:52,2013-04-17 11:49:23,1,-73.954819,40.774231,-73.963188,40.762177,8.5,CSH,0,0.5,0,0,9
0FE34002F6E240EBAE51520DEF0D2259,2013-04-17 12:04:24,2013-04-17 12:10:41,1,-73.97702,40.750343,-73.97702,40.750343,5.5,CRD,0,0.5,1,0,7
0FE34002F6E240EBAE51520DEF0D2259,2013-04-17 12:23:20,2013-04-17 12:30:34,1,-73.978798,40.765263,-73.98024,40.770611,6.5,CSH,0,0.5,0,0,7
0FE34002F6E240EBAE51520DEF0D2259,2013-04-17 12:33:25,2013-04-17 12:36:41,1,-73.98024,40.770611,-73.984177,40.774841,4.5,CSH,0,0.5,0,0,5
0FE34002F6E240EBAE51520DEF0D2259,2013-04-17 12:41:13,2013-04-17 12:55:28,1,-73.982414,40.777618,-73.977173,40.759224,10.5,CSH,0,0.5,0,0,11
0FE34002F6E240EBAE51520DEF0D2259,2013-04-17 12:56:40,2013-04-17 13:07:07,2,-73.977173,40.759224,-73.982811,40.756035,7.5,CSH,0,0.5,0,0,8
0FE34002F6E240EBAE51520DEF0D2259,2013-04-17 13:20:40,2013-04-17 13:25:17,1,-73.979187,40.762653,-73.979187,40.762653,5,CRD,0,0.5,1.1,0,6.6
0FE34002F6E240EBAE51520DEF0D2259,2013-04-17 14:01:56,2013-04-17 14:06:55,1,-73.990189,40.77177,-73.990189,40.77177,5,CRD,0,0.5,1,0,6.5
0FE34002F6E240EBAE51520DEF0D2259,2013-04-17 14:16:44,2013-04-17 14:31:39,1,-73.990189,40.77177,-73.990189,40.77177,12,CRD,0,0.5,3.75,0,16.25
0FE34002F6E240EBAE51520DEF0D2259,2013-04-17 14:50:34,2013-04-17 14:57:24,1,-73.963066,40.77581,-73.971748,40.766109,6.5,CRD,0,0.5,1.4,0,8.4
0FE34002F6E240EBAE51520DEF0D2259,2013-04-17 15:01:31,2013-04-17 15:10:05,1,-73.981964,40.768314,-73.981964,40.768314,7,CRD,0,0.5,1.5,0,9
0FE34002F6E240EBAE51520DEF0D2259,2013-04-17 15:11:15,2013-04-17 15:20:15,3,-73.981964,40.768314,-73.981964,40.768314,7.5,CSH,0,0.5,0,0,8
0FE34002F6E240EBAE51520DEF0D2259,2013-04-17 15:22:41,2013-04-17 15:36:45,2,-73.981964,40.768314,-73.981964,40.768314,11.5,CSH,0,0.5,0,0,12
0FE34002F6E240EBAE51520DEF0D2259,2013-04-17 15:38:35,2013-04-17 15:49:32,1,-73.981964,40.768314,-73.981964,40.768314,9,CSH,0,0.5,0,0,9.5
0FE34002F6E240EBAE51520DEF0D2259,2013-04-17 15:51:51,2013-04-17 16:17:40,2,-73.981964,40.768314,-73.981964,40.768314,17.5,CSH,0,0.5,0,0,18
0FE34002F6E240EBAE51520DEF0D2259,2013-04-17 16:18:52,2013-04-17 16:34:44,1,-73.981964,40.768314,-73.981964,40.768314,12,CRD,1,0.5,1,0,14.5
0FE34002F6E240EBAE51520DEF0D2259,2013-04-17 16:38:06,2013-04-17 16:41:39,1,-73.981964,40.768314,-73.981964,40.768314,4.5,CSH,1,0.5,0,0,6
0FE34002F6E240EBAE51520DEF0D2259,2013-04-17 16:52:48,2013-04-17 16:59:28,1,-73.981964,40.768314,-73.981964,40.768314,7,CRD,1,0.5,1.7,0,10.2
0FE34002F6E240EBAE51520DEF0D2259,2013-04-17 17:00:10,2013-04-17 17:10:44,1,-73.981964,40.768314,-73.981964,40.768314,8,CRD,1,0.5,1.9,0,11.4
0FE34002F6E240EBAE51520DEF0D2259,2013-04-17 17:12:00,2013-04-17 17:25:26,1,-73.981964,40.768314,-73.972656,40.75988,11,CRD,1,0.5,1,0,13.5
0FE34002F6E240EBAE51520DEF0D2259,2013-04-17 17:28:41,2013-04-17 17:55:42,1,-73.972656,40.75988,-73.983177,40.744736,18,CSH,1,0.5,0,0,19.5
0FE34002F6E240EBAE51520DEF0D2259,2013-04-17 17:58:29,2013-04-17 18:10:01,1,-73.983177,40.744736,-73.995651,40.748913,9.5,CRD,1,0.5,1,0,12
0FE34002F6E240EBAE51520DEF0D2259,2013-04-17 18:19:30,2013-04-17 18:25:22,1,-74.000877,40.761974,-73.985252,40.765163,6,CSH,1,0.5,0,0,7.5
0FE34002F6E240EBAE51520DEF0D2259,2013-04-17 18:28:03,2013-04-17 18:48:39,1,-73.985252,40.765163,-73.984169,40.742764,14.5,CSH,1,0.5,0,0,16
0FE34002F6E240EBAE51520DEF0D2259,2013-04-17 18:49:58,2013-04-17 19:01:16,1,-73.984169,40.742764,-73.987122,40.739407,9.5,CRD,1,0.5,2.2,0,13.2
0FE34002F6E240EBAE51520DEF0D2259,2013-04-17 19:01:53,2013-04-17 19:08:08,1,-73.987122,40.739407,-73.987122,40.739407,5.5,CRD,1,0.5,1,0,8
0FE34002F6E240EBAE51520DEF0D2259,2013-04-17 19:08:58,2013-04-17 19:14:46,1,-73.987122,40.739407,-73.979301,40.763557,5.5,CSH,1,0.5,0,0,7
0FE34002F6E240EBAE51520DEF0D2259,2013-04-17 19:19:04,2013-04-17 19:26:54,1,-73.979301,40.763557,-73.979301,40.763557,7,CRD,1,0.5,2.55,0,11.05
0FE34002F6E240EBAE51520DEF0D2259,2013-04-17 19:29:47,2013-04-17 19:53:17,1,-73.979301,40.763557,-73.975838,40.728451,17,CSH,1,0.5,0,0,18.5
0FE34002F6E240EBAE51520DEF0D2259,2013-04-17 20:00:25,2013-04-17 20:08:04,1,-73.975838,40.728451,-74.002121,40.740238,7,CSH,0.5,0.5,0,0,8
0FE34002F6E240EBAE51520DEF0D2259,2013-04-17 20:09:30,2013-04-17 20:16:07,1,-74.002121,40.740238,-74.004677,40.742065,6.5,CSH,0.5,0.5,0,0,7.5
0FE34002F6E240EBAE51520DEF0D2259,2013-04-17 20:17:45,2013-04-17 20:29:32,1,-74.004677,40.742065,-74.004677,40.742065,10,CRD,0.5,0.5,2.75,0,13.75
0FE34002F6E240EBAE51520DEF0D2259,2013-04-17 20:32:08,2013-04-17 20:42:18,1,-74.004677,40.742065,-74.008675,40.74218,11,CRD,0.5,0.5,2.4,0,14.4
0FE34002F6E240EBAE51520DEF0D2259,2013-04-17 20:43:14,2013-04-17 20:47:50,1,-74.008675,40.74218,-73.999672,40.753815,6.5,CRD,0.5,0.5,1,0,8.5
0FE34002F6E240EBAE51520DEF0D2259,2013-04-17 20:51:44,2013-04-17 20:56:24,1,-73.99073,40.766075,-73.99073,40.766075,5.5,CRD,0.5,0.5,1,0,7.5
0FE34002F6E240EBAE51520DEF0D2259,2013-04-17 20:59:06,2013-04-17 21:06:20,1,-73.99073,40.766075,-73.997192,40.762272,7,CRD,0.5,0.5,1,0,9
0FE34002F6E240EBAE51520DEF0D2259,2013-04-17 21:14:08,2013-04-17 21:22:14,1,-73.997192,40.762272,-73.982468,40.74884,7.5,CSH,0.5,0.5,0,0,8.5
0FE34002F6E240EBAE51520DEF0D2259,2013-04-17 21:26:37,2013-04-17 21:38:07,1,-73.982468,40.74884,-74.000389,40.737228,11,CRD,0.5,0.5,1,0,13
0FE34002F6E240EBAE51520DEF0D2259,2013-04-17 21:43:38,2013-04-17 21:57:09,1,-74.007408,40.727303,-73.980324,40.735306,14,CRD,0.5,0.5,2,0,17
0FE34002F6E240EBAE51520DEF0D2259,2013-04-17 22:00:39,2013-04-17 22:15:37,1,-73.980324,40.735306,-73.917397,40.74287,16.5,CSH,0.5,0.5,0,0,17.5
0FE34002F6E240EBAE51520DEF0D2259,2013-04-17 23:17:37,2013-04-17 23:26:51,1,-73.863144,40.769081,-73.866776,40.771011,13.5,CRD,0.5,0.5,0,0,14.5
0FE34002F6E240EBAE51520DEF0D2259,2013-04-17 23:49:54,2013-04-18 00:10:27,1,-73.888924,40.768906,-73.789772,40.66547,33.5,CSH,0.5,0.5,0,0,34.5
B33D3A4EECF3E2617C5AA7AF0D1FEABE,2013-05-07 08:29:00,2013-05-07 08:54:00,1,-73.943634,40.795826,-73.858162,40.731186,31,CSH,0,0.5,0,5.33,36.83
B33D3A4EECF3E2617C5AA7AF0D1FEABE,2013-05-07 09:41:00,2013-05-07 09:55:00,1,-73.966484,40.764591,-73.982368,40.756245,10,CRD,0,0.5,1,0,11.5
B33D3A4EECF3E2617C5AA7AF0D1FEABE,2013-05-07 09:57:00,2013-05-07 10:07:00,1,-73.984871,40.757442,-73.994308,40.741016,8.5,CRD,0,0.5,1.7,0,10.7
B33D3A4EECF3E2617C5AA7AF0D1FEABE,2013-05-07 10:16:00,2013-05-07 10:36:00,1,-73.9916,40.749886,-74.014923,40.711391,16.5,CSH,0,0.5,0,0,17
B33D3A4EECF3E2617C5AA7AF0D1FEABE,2013-05-07 10:54:00,2013-05-07 11:14:00,1,-74.002197,40.729519,-73.978127,40.762676,14,CRD,0,0.5,3.5,0,18
B33D3A4EECF3E2617C5AA7AF0D1FEABE,2013-05-07 11:33:00,2013-05-07 11:41:00,1,-73.99231,40.749416,-73.998596,40.734734,7,CSH,0,0.5,0,0,7.5
B33D3A4EECF3E2617C5AA7AF0D1FEABE,2013-05-07 11:44:00,2013-05-07 11:52:00,1,-73.995911,40.732986,-73.993134,40.742352,6.5,CSH,0,0.5,0,0,7
B33D3A4EECF3E2617C5AA7AF0D1FEABE,2013-05-07 12:01:00,2013-05-07 12:23:00,1,-73.986534,40.751541,-73.987114,40.745625,14,CRD,0,0.5,1,0,15.5
B33D3A4EECF3E2617C5AA7AF0D1FEABE,2013-05-07 12:24:00,2013-05-07 12:28:00,1,-73.987083,40.74538,-73.994308,40.735203,5,CSH,0,0.5,0,0,5.5
B33D3A4EECF3E2617C5AA7AF0D1FEABE,2013-05-07 12:42:00,2013-05-07 13:08:00,1,-73.988914,40.748379,-74.000671,40.75761,16,CSH,0,0.5,0,0,16.5
B33D3A4EECF3E2617C5AA7AF0D1FEABE,2013-05-07 15:00:00,2013-05-07 15:21:00,1,-73.978493,40.785995,-73.95356,40.767357,14,CSH,0,0.5,0,0,14.5
B33D3A4EECF3E2617C5AA7AF0D1FEABE,2013-05-07 15:34:00,2013-05-07 15:44:00,1,-73.970573,40.76178,-73.983734,40.755238,8,CRD,0,0.5,1.6,0,10.1
B33D3A4EECF3E2617C5AA7AF0D1FEABE,2013-05-07 15:47:00,2013-05-07 16:07:00,1,-73.982811,40.758247,-73.981804,40.742367,13,CRD,0,0.5,2.6,0,16.1
B33D3A4EECF3E2617C5AA7AF0D1FEABE,2013-05-07 16:08:00,2013-05-07 16:19:00,1,-73.981415,40.742207,-73.983521,40.731693,7,CSH,1,0.5,0,0,8.5
B33D3A4EECF3E2617C5AA7AF0D1FEABE,2013-05-07 16:19:00,2013-05-07 16:35:00,1,-73.981415,40.742207,-73.983269,40.760376,12,CRD,1,0.5,1.58,0,15.08
B33D3A4EECF3E2617C5AA7AF0D1FEABE,2013-05-07 16:36:00,2013-05-07 16:45:00,1,-73.983299,40.760551,-73.991379,40.750195,7,CRD,1,0.5,1.6,0,10.1
B33D3A4EECF3E2617C5AA7AF0D1FEABE,2013-05-07 16:46:00,2013-05-07 16:57:00,1,-73.99173,40.749916,-73.977089,40.736267,9.5,CSH,1,0.5,0,0,11
B33D3A4EECF3E2617C5AA7AF0D1FEABE,2013-05-07 17:02:00,2013-05-07 17:20:00,1,-73.977936,40.745724,-73.983643,40.75576,12,CSH,1,0.5,0,0,13.5
B33D3A4EECF3E2617C5AA7AF0D1FEABE,2013-05-07 17:21:00,2013-05-07 17:35:00,1,-73.977936,40.745724,-73.959198,40.772526,11,CSH,1,0.5,0,0,12.5
B33D3A4EECF3E2617C5AA7AF0D1FEABE,2013-05-07 17:51:00,2013-05-07 17:59:00,1,-73.971733,40.759739,-73.963173,40.769123,7,CSH,1,0.5,0,0,8.5
B33D3A4EECF3E2617C5AA7AF0D1FEABE,2013-05-07 18:10:00,2013-05-07 18:17:00,1,-73.971115,40.760994,-73.964348,40.770416,6,CSH,1,0.5,0,0,7.5
B33D3A4EECF3E2617C5AA7AF0D1FEABE,2013-05-07 18:18:00,2013-05-07 18:57:00,1,-73.963226,40.771992,-73.987755,40.758133,22.5,CRD,1,0.5,5.88,0,29.88
B33D3A4EECF3E2617C5AA7AF0D1FEABE,2013-05-07 18:59:00,2013-05-07 19:06:00,1,-73.986641,40.757671,-73.976288,40.765396,6,CRD,1,0.5,1.4,0,8.9
B33D3A4EECF3E2617C5AA7AF0D1FEABE,2013-05-07 19:10:00,2013-05-07 19:26:00,1,-73.974197,40.762947,-74.002716,40.76059,12,CRD,1,0.5,2.6,0,16.1
B33D3A4EECF3E2617C5AA7AF0D1FEABE,2013-05-07 19:45:00,2013-05-07 20:02:00,1,-73.983543,40.760826,-73.988831,40.727112,13.5,CRD,1,0.5,2,0,17
B33D3A4EECF3E2617C5AA7AF0D1FEABE,2013-05-07 20:04:00,2013-05-07 20:16:00,1,-73.990395,40.724937,-73.98391,40.744091,9.5,CRD,0.5,0.5,3,0,13.5
B33D3A4EECF3E2617C5AA7AF0D1FEABE,2013-05-07 20:19:00,2013-05-07 20:34:00,1,-73.987053,40.745426,-73.97506,40.780148,12.5,CRD,0.5,0.5,2.6,0,16.1
B33D3A4EECF3E2617C5AA7AF0D1FEABE,2013-05-07 20:37:00,2013-05-07 20:41:00,1,-73.981064,40.782192,-73.982285,40.772053,5,CSH,0.5,0.5,0,0,6
B33D3A4EECF3E2617C5AA7AF0D1FEABE,2013-05-07 20:49:00,2013-05-07 20:53:00,1,-73.985588,40.757889,-73.984543,40.748539,5,CSH,0.5,0.5,0,0,6
B33D3A4EECF3E2617C5AA7AF0D1FEABE,2013-05-07 20:53:00,2013-05-07 21:10:00,1,-73.985588,40.757889,-73.947891,40.780548,14.5,CRD,0.5,0.5,1,0,16.5
B33D3A4EECF3E2617C5AA7AF0D1FEABE,2013-05-07 21:50:00,2013-05-07 22:19:00,1,-73.98259,40.761742,-73.996788,40.683411,27,CRD,0.5,0.5,5.5,0,33.5
B33D3A4EECF3E2617C5AA7AF0D1FEABE,2013-05-07 22:21:00,2013-05-07 22:37:00,1,-73.997131,40.684608,-73.94912,40.712551,16.5,CRD,0.5,0.5,3.4,0,20.9
B33D3A4EECF3E2617C5AA7AF0D1FEABE,2013-05-07 22:40:00,2013-05-07 22:44:00,1,-73.954094,40.71072,-73.988251,40.720131,7.5,CRD,0.5,0.5,1.6,0,10.1
B33D3A4EECF3E2617C5AA7AF0D1FEABE,2013-05-07 22:50:00,2013-05-07 22:54:00,1,-73.990265,40.723518,-73.999962,40.728519,5.5,CRD,0.5,0.5,1.2,0,7.7
B33D3A4EECF3E2617C5AA7AF0D1FEABE,2013-05-07 22:55:00,2013-05-07 23:04:00,1,-73.999886,40.728466,-73.982925,40.734745,7.5,CRD,0.5,0.5,1,0,9.5
B33D3A4EECF3E2617C5AA7AF0D1FEABE,2013-05-07 23:13:00,2013-05-07 23:18:00,1,-73.988693,40.738052,-74.003059,40.733601,5.5,CSH,0.5,0.5,0,0,6.5
B33D3A4EECF3E2617C5AA7AF0D1FEABE,2013-05-07 23:22:00,2013-05-07 23:26:00,1,-74.006264,40.733665,-74.00547,40.745869,5.5,CRD,0.5,0.5,1.5,0,8
E9ECAA3852ABB734244A2DEE0F9204E8,2013-06-29 00:07:37,2013-06-29 00:18:33,1,-73.977898,40.684799,-73.976601,40.656963,11.5,CRD,0.5,0.5,3.75,0,16.25
E9ECAA3852ABB734244A2DEE0F9204E8,2013-06-29 00:27:41,2013-06-29 00:35:27,1,-73.988564,40.670441,-73.96489,40.653706,9.5,CRD,0.5,0.5,2.1,0,12.6
E9ECAA3852ABB734244A2DEE0F9204E8,2013-06-29 00:37:40,2013-06-29 00:49:03,1,-73.963692,40.654205,-73.952446,40.714535,23,CRD,0.5,0.5,0,0,24
E9ECAA3852ABB734244A2DEE0F9204E8,2013-06-29 00:50:39,2013-06-29 01:00:30,1,-73.95137,40.71534,-73.994469,40.703014,14.5,CSH,0.5,0.5,0,0,15.5
E9ECAA3852ABB734244A2DEE0F9204E8,2013-06-29 01:14:58,2013-06-29 01:23:31,1,-73.989693,40.72036,-74.001427,40.717545,7,CRD,0.5,0.5,1.6,0,9.6
E9ECAA3852ABB734244A2DEE0F9204E8,2013-06-29 01:27:22,2013-06-29 01:33:41,1,-74.005363,40.718315,-73.989929,40.73439,7,CSH,0.5,0.5,0,0,8
E9ECAA3852ABB734244A2DEE0F9204E8,2013-06-29 01:36:37,2013-06-29 02:02:13,1,-73.996162,40.726093,-73.921066,40.69894,20.5,CRD,0.5,0.5,4.3,0,25.8
E9ECAA3852ABB734244A2DEE0F9204E8,2013-06-29 02:07:37,2013-06-29 02:27:32,1,-73.927902,40.69783,-74.00515,40.709419,19,CRD,0.5,0.5,4,0,24
E9ECAA3852ABB734244A2DEE0F9204E8,2013-06-29 02:39:20,2013-06-29 02:51:24,1,-73.998894,40.734699,-73.965721,40.790276,15,CSH,0.5,0.5,0,0,16
E9ECAA3852ABB734244A2DEE0F9204E8,2013-06-29 03:00:37,2013-06-29 03:02:12,1,-73.991875,40.75943,-73.994591,40.752502,4,CRD,0.5,0.5,1.5,0,6.5
E9ECAA3852ABB734244A2DEE0F9204E8,2013-06-29 03:03:37,2013-06-29 03:20:33,1,-73.993675,40.752419,-73.980385,40.781399,16,CSH,0.5,0.5,0,0,17
E9ECAA3852ABB734244A2DEE0F9204E8,2013-06-29 03:45:16,2013-06-29 04:03:42,1,-73.990746,40.751083,-73.891228,40.761871,21.5,CSH,0.5,0.5,0,0,22.5
E9ECAA3852ABB734244A2DEE0F9204E8,2013-06-29 05:53:27,2013-06-29 06:08:40,1,-73.987526,40.728756,-73.94249,40.717594,16,CSH,0.5,0.5,0,0,17
E9ECAA3852ABB734244A2DEE0F9204E8,2013-06-29 06:13:31,2013-06-29 06:17:37,1,-73.943657,40.711697,-73.96106,40.710354,5.5,CRD,0,0.5,1.5,0,7.5
E9ECAA3852ABB734244A2DEE0F9204E8,2013-06-29 07:51:22,2013-06-29 07:56:44,1,-73.994034,40.751259,-73.996567,40.760078,5.5,CSH,0,0.5,0,0,6
E9ECAA3852ABB734244A2DEE0F9204E8,2013-06-29 08:10:15,2013-06-29 08:16:06,1,-73.981735,40.773773,-73.991409,40.751156,7.5,CRD,0,0.5,1,0,9
E9ECAA3852ABB734244A2DEE0F9204E8,2013-06-29 08:34:09,2013-06-29 08:50:13,1,-74.006104,40.71582,-73.977318,40.749432,13,CRD,0,0.5,0,0,13.5
E9ECAA3852ABB734244A2DEE0F9204E8,2013-06-29 09:45:49,2013-06-29 10:00:29,1,-73.955666,40.772579,-73.985001,40.724354,14.5,CRD,0,0.5,3,0,18
E9ECAA3852ABB734244A2DEE0F9204E8,2013-06-29 10:01:56,2013-06-29 10:04:56,1,-73.983917,40.725346,-73.982651,40.731121,4,CSH,0,0.5,0,0,4.5
E9ECAA3852ABB734244A2DEE0F9204E8,2013-06-29 10:46:10,2013-06-29 11:01:47,1,-73.958733,40.76881,-73.980644,40.765594,11.5,CRD,0,0.5,1,0,13
E9ECAA3852ABB734244A2DEE0F9204E8,2013-06-29 11:36:04,2013-06-29 11:47:11,1,-73.971069,40.759308,-73.981071,40.764313,8.5,CRD,0,0.5,0,0,9
E9ECAA3852ABB734244A2DEE0F9204E8,2013-06-29 12:02:57,2013-06-29 12:25:37,1,-73.973846,40.762817,-73.969429,40.785141,15.5,CSH,0,0.5,0,0,16
E9ECAA3852ABB734244A2DEE0F9204E8,2013-06-29 12:32:10,2013-06-29 12:34:22,1,-73.953987,40.778992,-73.946083,40.789879,4.5,CSH,0,0.5,0,0,5
E9ECAA3852ABB734244A2DEE0F9204E8,2013-06-29 12:41:07,2013-06-29 12:54:27,1,-73.949577,40.785252,-73.945869,40.773567,10,CRD,0,0.5,1,0,11.5
E9ECAA3852ABB734244A2DEE0F9204E8,2013-06-29 12:59:25,2013-06-29 13:06:16,1,-73.949158,40.777111,-73.933792,40.794327,7.5,CSH,0,0.5,0,0,8
E9ECAA3852ABB734244A2DEE0F9204E8,2013-06-29 13:10:28,2013-06-29 13:42:23,1,-73.933495,40.795231,-73.984756,40.758926,23,CSH,0,0.5,0,0,23.5
E9ECAA3852ABB734244A2DEE0F9204E8,2013-06-29 13:47:15,2013-06-29 13:58:43,1,-73.98912,40.757771,-73.986687,40.759018,8.5,CSH,0,0.5,0,0,9
E9ECAA3852ABB734244A2DEE0F9204E8,2013-06-29 14:09:32,2013-06-29 14:17:11,1,-73.96933,40.763371,-73.953362,40.7869,8.5,CSH,0,0.5,0,0,9
E9ECAA3852ABB734244A2DEE0F9204E8,2013-06-29 14:29:44,2013-06-29 14:32:40,1,-73.944946,40.783104,-73.936264,40.795029,4.5,CSH,0,0.5,0,0,5
E9ECAA3852ABB734244A2DEE0F9204E8,2013-06-29 14:38:21,2013-06-29 14:56:11,1,-73.946526,40.79192,-73.982239,40.740765,15.5,CSH,0,0.5,0,0,16
E9ECAA3852ABB734244A2DEE0F9204E8,2013-06-29 14:58:21,2013-06-29 15:01:32,1,-73.98175,40.740929,-73.975761,40.751873,5,CSH,0,0.5,0,0,5.5
E9ECAA3852ABB734244A2DEE0F9204E8,2013-06-29 15:04:46,2013-06-29 15:11:38,1,-73.980469,40.748173,-73.966171,40.767757,7.5,CRD,0,0.5,1,0,9
E9ECAA3852ABB734244A2DEE0F9204E8,2013-06-29 15:15:31,2013-06-29 15:22:34,1,-73.963127,40.771797,-73.950287,40.775738,6.5,CSH,0,0.5,0,0,7
E9ECAA3852ABB734244A2DEE0F9204E8,2013-06-29 15:43:19,2013-06-29 16:00:22,1,-73.97081,40.762844,-73.989151,40.758148,11.5,CSH,0,0.5,0,0,12
E9ECAA3852ABB734244A2DEE0F9204E8,2013-06-29 16:15:34,2013-06-29 16:18:28,1,-73.985687,40.755104,-73.993179,40.747608,4.5,CSH,0,0.5,0,0,5
E9ECAA3852ABB734244A2DEE0F9204E8,2013-06-29 16:19:52,2013-06-29 16:23:28,1,-73.993515,40.74712,-74.002167,40.739666,5,CSH,0,0.5,0,0,5.5
E9ECAA3852ABB734244A2DEE0F9204E8,2013-06-29 16:25:40,2013-06-29 16:32:57,1,-74.001083,40.741539,-73.985847,40.752335,7.5,CSH,0,0.5,0,0,8
E9ECAA3852ABB734244A2DEE0F9204E8,2013-06-29 18:05:24,2013-06-29 18:20:27,1,-73.981689,40.736961,-73.993507,40.702515,16.5,CRD,0,0.5,3.4,0,20.4
E9ECAA3852ABB734244A2DEE0F9204E8,2013-06-29 18:22:11,2013-06-29 19:06:01,1,-73.994576,40.703011,-73.984596,40.728714,33,CRD,0,0.5,5,0,38.5
E9ECAA3852ABB734244A2DEE0F9204E8,2013-06-29 19:06:56,2013-06-29 19:16:49,1,-73.984489,40.728855,-73.990585,40.734684,7.5,CRD,0,0.5,1.6,0,9.6
E9ECAA3852ABB734244A2DEE0F9204E8,2013-06-29 19:23:05,2013-06-29 19:30:09,1,-73.994926,40.727814,-74.001846,40.727909,6,CSH,0,0.5,0,0,6.5
E9ECAA3852ABB734244A2DEE0F9204E8,2013-06-29 19:33:58,2013-06-29 19:42:43,1,-73.997826,40.725788,-73.982399,40.727646,7.5,CSH,0,0.5,0,0,8
E9ECAA3852ABB734244A2DEE0F9204E8,2013-06-29 19:46:57,2013-06-29 20:01:37,1,-73.984856,40.732628,-74.004196,40.742886,10.5,CRD,0,0.5,0.1,0,11.1
E9ECAA3852ABB734244A2DEE0F9204E8,2013-06-29 20:07:02,2013-06-29 20:11:25,1,-73.99691,40.742447,-73.997322,40.732685,5,CSH,0.5,0.5,0,0,6
E9ECAA3852ABB734244A2DEE0F9204E8,2013-06-29 20:24:04,2013-06-29 20:49:28,1,-73.991386,40.745491,-73.991653,40.715488,17.5,CSH,0.5,0.5,0,0,18.5
E9ECAA3852ABB734244A2DEE0F9204E8,2013-06-29 20:54:56,2013-06-29 21:10:43,1,-73.988556,40.721397,-74.002533,40.750031,13,CSH,0.5,0.5,0,0,14
E9ECAA3852ABB734244A2DEE0F9204E8,2013-06-29 21:23:44,2013-06-29 21:37:32,1,-73.990799,40.755993,-73.988235,40.743881,10.5,CSH,0.5,0.5,0,0,11.5
E9ECAA3852ABB734244A2DEE0F9204E8,2013-06-29 21:46:13,2013-06-29 21:53:30,1,-73.991814,40.754463,-73.978989,40.752354,6.5,CSH,0.5,0.5,0,0,7.5
E9ECAA3852ABB734244A2DEE0F9204E8,2013-06-29 22:00:46,2013-06-29 22:02:36,1,-73.977608,40.742374,-73.9851,40.734947,4,CSH,0.5,0.5,0,0,5
E9ECAA3852ABB734244A2DEE0F9204E8,2013-06-29 22:26:46,2013-06-29 22:31:31,1,-73.962349,40.776031,-73.966484,40.764801,6,CRD,0.5,0.5,1.4,0,8.4
E9ECAA3852ABB734244A2DEE0F9204E8,2013-06-29 22:41:51,2013-06-29 22:49:08,1,-73.980972,40.737694,-73.954742,40.769669,9.5,CSH,0.5,0.5,0,0,10.5
E9ECAA3852ABB734244A2DEE0F9204E8,2013-06-29 23:01:17,2013-06-29 23:13:17,1,-73.970863,40.750835,-73.984146,40.765583,9.5,CRD,0.5,0.5,1,0,11.5
E9ECAA3852ABB734244A2DEE0F9204E8,2013-06-29 23:17:30,2013-06-29 23:29:12,1,-73.980774,40.770855,-73.945831,40.832714,17.5,CSH,0.5,0.5,0,0,18.5
E9ECAA3852ABB734244A2DEE0F9204E8,2013-06-29 23:53:25,2013-06-30 00:01:03,1,-73.966774,40.804432,-73.950974,40.794476,7.5,CSH,0.5,0.5,0,0,8.5
C87E6D2293BF8B907A0B7E4C2911AA5E,2013-07-01 05:30:00,2013-07-01 05:55:00,2,-73.961609,40.768673,-73.781052,40.646729,52,CRD,0,0.5,10.4,5.33,68.23
C87E6D2293BF8B907A0B7E4C2911AA5E,2013-07-01 06:57:00,2013-07-01 07:06:00,2,-73.951523,40.775223,-73.973618,40.758724,9.5,CRD,0,0.5,1.5,0,11.5
C87E6D2293BF8B907A0B7E4C2911AA5E,2013-07-01 07:26:00,2013-07-01 07:30:00,2,-73.949921,40.776756,-73.956345,40.784416,5,CRD,0,0.5,1,0,6.5
C87E6D2293BF8B907A0B7E4C2911AA5E,2013-07-01 07:47:00,2013-07-01 08:06:00,2,-73.955353,40.780491,-73.989624,40.741493,16,CRD,0,0.5,0,0,16.5
C87E6D2293BF8B907A0B7E4C2911AA5E,2013-07-01 08:08:00,2013-07-01 08:19:00,2,-73.990479,40.740269,-73.995659,40.717358,10,CRD,0,0.5,1,0,11.5
C87E6D2293BF8B907A0B7E4C2911AA5E,2013-07-01 08:23:00,2013-07-01 08:42:00,2,-73.999207,40.718418,-73.974503,40.756687,15.5,CRD,0,0.5,1,0,17
C87E6D2293BF8B907A0B7E4C2911AA5E,2013-07-01 08:48:00,2013-07-01 09:02:00,2,-73.964546,40.764488,-73.989578,40.738323,13.5,CSH,0,0.5,0,0,14
C87E6D2293BF8B907A0B7E4C2911AA5E,2013-07-01 09:08:00,2013-07-01 09:15:00,2,-73.997467,40.736061,-73.988625,40.727371,6.5,CRD,0,0.5,1.5,0,8.5
C87E6D2293BF8B907A0B7E4C2911AA5E,2013-07-01 09:21:00,2013-07-01 09:26:00,2,-73.987167,40.733189,-73.987595,40.740555,5,CRD,0,0.5,1,0,6.5
C87E6D2293BF8B907A0B7E4C2911AA5E,2013-07-01 09:32:00,2013-07-01 10:01:00,2,-73.983383,40.738441,-74.00235,40.755989,17,CSH,0,0.5,0,0,17.5
C87E6D2293BF8B907A0B7E4C2911AA5E,2013-07-01 10:25:00,2013-07-01 10:34:00,2,-74.004539,40.741943,-74.00058,40.729019,7.5,CRD,0,0.5,1,0,9
C87E6D2293BF8B907A0B7E4C2911AA5E,2013-07-01 10:40:00,2013-07-01 10:49:00,2,-73.991653,40.726524,-74.000427,40.722271,7.5,CSH,0,0.5,0,0,8
C87E6D2293BF8B907A0B7E4C2911AA5E,2013-07-01 10:57:00,2013-07-01 11:09:00,2,-74.00193,40.730186,-73.996552,40.723526,9,CRD,0,0.5,1.8,0,11.3
C87E6D2293BF8B907A0B7E4C2911AA5E,2013-07-01 11:16:00,2013-07-01 11:23:00,2,-73.994865,40.725731,-73.998436,40.735195,6.5,CSH,0,0.5,0,0,7
C87E6D2293BF8B907A0B7E4C2911AA5E,2013-07-01 11:23:00,2013-07-01 11:41:00,2,-73.994865,40.725731,-73.979332,40.750523,12.5,CRD,0,0.5,2.5,0,15.5
C87E6D2293BF8B907A0B7E4C2911AA5E,2013-07-01 11:51:00,2013-07-01 12:26:00,2,-73.98481,40.745644,-74.000755,40.757572,20,CRD,0,0.5,4,0,24.5
C87E6D2293BF8B907A0B7E4C2911AA5E,2013-07-01 12:30:00,2013-07-01 12:54:00,2,-74.000671,40.758083,-73.991531,40.727386,17,CRD,0,0.5,3.4,0,20.9
C87E6D2293BF8B907A0B7E4C2911AA5E,2013-07-01 12:56:00,2013-07-01 13:04:00,2,-73.993515,40.727306,-73.978485,40.74263,8,CRD,0,0.5,0,0,8.5
C87E6D2293BF8B907A0B7E4C2911AA5E,2013-07-01 13:10:00,2013-07-01 13:16:00,2,-73.985054,40.742935,-73.983353,40.748898,5.5,CSH,0,0.5,0,0,6
C87E6D2293BF8B907A0B7E4C2911AA5E,2013-07-01 13:19:00,2013-07-01 13:44:00,2,-73.985367,40.74715,-73.94899,40.785625,18,CRD,0,0.5,2.5,0,21
C87E6D2293BF8B907A0B7E4C2911AA5E,2013-07-01 13:52:00,2013-07-01 14:04:00,2,-73.95639,40.781086,-73.984009,40.764191,11.5,CRD,0,0.5,1,0,13
C87E6D2293BF8B907A0B7E4C2911AA5E,2013-07-01 14:06:00,2013-07-01 14:19:00,2,-73.982925,40.765495,-73.971146,40.792862,10.5,CSH,0,0.5,0,0,11
C87E6D2293BF8B907A0B7E4C2911AA5E,2013-07-01 14:54:00,2013-07-01 15:23:00,2,-73.978889,40.756275,-74.011955,40.704376,20.5,CRD,0,0.5,3,0,24
C87E6D2293BF8B907A0B7E4C2911AA5E,2013-07-01 16:50:00,2013-07-01 16:55:00,2,-73.961205,40.760532,-73.955116,40.775124,6,CSH,1,0.5,0,0,7.5
C87E6D2293BF8B907A0B7E4C2911AA5E,2013-07-01 16:56:00,2013-07-01 17:00:00,3,-73.955429,40.775284,-73.956673,40.782585,4.5,CRD,1,0.5,1.1,0,7.1
C87E6D2293BF8B907A0B7E4C2911AA5E,2013-07-01 17:02:00,2013-07-01 17:09:00,2,-73.957001,40.783268,-73.956001,40.803844,7.5,CRD,1,0.5,1,0,10
C87E6D2293BF8B907A0B7E4C2911AA5E,2013-07-01 17:19:00,2013-07-01 17:24:00,3,-73.975143,40.782406,-73.982239,40.769009,6,CRD,1,0.5,1,0,8.5
C87E6D2293BF8B907A0B7E4C2911AA5E,2013-07-01 17:26:00,2013-07-01 17:35:00,2,-73.984795,40.769379,-73.970154,40.784744,8.5,CRD,1,0.5,1.9,0,11.9
C87E6D2293BF8B907A0B7E4C2911AA5E,2013-07-01 17:39:00,2013-07-01 17:48:00,2,-73.978409,40.777939,-73.998291,40.765007,8.5,CSH,1,0.5,0,0,10
C87E6D2293BF8B907A0B7E4C2911AA5E,2013-07-01 17:50:00,2013-07-01 18:02:00,2,-74.002846,40.760353,-73.98291,40.740917,10.5,CRD,1,0.5,1.5,0,13.5
C87E6D2293BF8B907A0B7E4C2911AA5E,2013-07-01 18:13:00,2013-07-01 18:22:00,2,-73.997368,40.724476,-74.009407,40.722263,7.5,CRD,1,0.5,1.7,0,10.7
C87E6D2293BF8B907A0B7E4C2911AA5E,2013-07-01 18:24:00,2013-07-01 18:32:00,2,-74.010071,40.720867,-73.998238,40.730415,7.5,CRD,1,0.5,1.7,0,10.7
C87E6D2293BF8B907A0B7E4C2911AA5E,2013-07-01 18:41:00,2013-07-01 18:45:00,2,-73.99424,40.72858,-74.002686,40.718353,5,CRD,1,0.5,1.5,0,8
C87E6D2293BF8B907A0B7E4C2911AA5E,2013-07-01 18:45:00,2013-07-01 18:49:00,3,-74.003212,40.717918,-74.011551,40.708004,5,CSH,1,0.5,0,0,6.5
C87E6D2293BF8B907A0B7E4C2911AA5E,2013-07-01 18:55:00,2013-07-01 19:07:00,2,-74.005951,40.706154,-73.9571,40.766445,18.5,CRD,1,0.5,3,0,23
C87E6D2293BF8B907A0B7E4C2911AA5E,2013-07-01 19:19:00,2013-07-01 19:24:00,3,-73.955788,40.763866,-73.975555,40.745258,7.5,CRD,1,0.5,1.7,0,10.7
C87E6D2293BF8B907A0B7E4C2911AA5E,2013-07-01 19:36:00,2013-07-01 19:42:00,2,-73.985497,40.738953,-73.985489,40.747658,6,CRD,1,0.5,1,0,8.5
C87E6D2293BF8B907A0B7E4C2911AA5E,2013-07-01 19:51:00,2013-07-01 19:55:00,1,-73.993179,40.729942,-74.001869,40.733776,5,CRD,1,0.5,1.2,0,7.7
9D26F18E51D1CF11ABD52A85A1793932,2013-08-09 04:52:00,2013-08-09 04:53:00,6,-73.997124,40.684647,-73.991669,40.691711,4,CSH,0.5,0.5,0,0,5
9D26F18E51D1CF11ABD52A85A1793932,2013-08-09 05:05:00,2013-08-09 05:26:00,6,-73.999329,40.720219,-73.7826,40.648792,52,CSH,0,0.5,0,0,52.5
9D26F18E51D1CF11ABD52A85A1793932,2013-08-09 05:57:00,2013-08-09 06:02:00,6,-73.97905,40.730022,-73.975487,40.752342,7.5,CRD,0.5,0.5,1,0,9.5
9D26F18E51D1CF11ABD52A85A1793932,2013-08-09 06:05:00,2013-08-09 06:18:00,6,-73.973694,40.747929,-73.973442,40.78447,13,CRD,0,0.5,2.6,0,16.1
9D26F18E51D1CF11ABD52A85A1793932,2013-08-09 06:19:00,2013-08-09 06:23:00,6,-73.97364,40.784206,-73.962822,40.794128,6,CRD,0,0.5,1.8,0,8.3
9D26F18E51D1CF11ABD52A85A1793932,2013-08-09 06:34:00,2013-08-09 06:44:00,6,-73.976501,40.790722,-73.980003,40.752163,12,CRD,0,0.5,1.5,0,14
9D26F18E51D1CF11ABD52A85A1793932,2013-08-09 06:51:00,2013-08-09 06:57:00,6,-73.977982,40.763161,-73.986641,40.775864,7,CSH,0,0.5,0,0,7.5
9D26F18E51D1CF11ABD52A85A1793932,2013-08-09 06:59:00,2013-08-09 07:17:00,6,-73.985344,40.778225,-74.014198,40.71384,18.5,CSH,0,0.5,0,0,19
9D26F18E51D1CF11ABD52A85A1793932,2013-08-09 07:24:00,2013-08-09 07:34:00,6,-74.016113,40.715027,-73.990944,40.755623,12.5,CSH,0,0.5,0,0,13
9D26F18E51D1CF11ABD52A85A1793932,2013-08-09 07:36:00,2013-08-09 08:04:00,6,-73.988251,40.759281,-73.976913,40.790009,21.5,CRD,0,0.5,3,0,25
9D26F18E51D1CF11ABD52A85A1793932,2013-08-09 08:06:00,2013-08-09 08:09:00,6,-73.974709,40.793179,-73.969849,40.794685,3.5,CSH,0,0.5,0,0,4
9D26F18E51D1CF11ABD52A85A1793932,2013-08-09 08:10:00,2013-08-09 08:13:00,6,-73.969376,40.795242,-73.963882,40.807598,5,CRD,0,0.5,1,0,6.5
9D26F18E51D1CF11ABD52A85A1793932,2013-08-09 08:19:00,2013-08-09 08:25:00,6,-73.96833,40.800053,-73.967262,40.788261,6.5,CRD,0,0.5,1.62,0,8.62
9D26F18E51D1CF11ABD52A85A1793932,2013-08-09 08:28:00,2013-08-09 08:41:00,6,-73.971069,40.788746,-74.000465,40.755138,12.5,CRD,0,0.5,3.12,0,16.12
9D26F18E51D1CF11ABD52A85A1793932,2013-08-09 08:45:00,2013-08-09 09:03:00,6,-73.995071,40.760311,-74.001083,40.714531,16,CRD,0,0.5,3.2,0,19.7
9D26F18E51D1CF11ABD52A85A1793932,2013-08-09 09:09:00,2013-08-09 09:09:00,6,0,0,0,0,52,CSH,0,0.5,0,0,52.5
9D26F18E51D1CF11ABD52A85A1793932,2013-08-09 09:09:00,2013-08-09 09:09:00,6,0,0,0,0,59,CRD,0,0,11.8,10.25,81.05
9D26F18E51D1CF11ABD52A85A1793932,2013-08-09 09:09:00,2013-08-09 09:35:00,6,-73.997696,40.72171,-74.17701,40.694878,59,CRD,0,0,11.8,10.25,81.05
9D26F18E51D1CF11ABD52A85A1793932,2013-08-09 09:09:00,2013-08-09 09:35:00,6,-73.997696,40.72171,-74.17701,40.694878,52,CSH,0,0.5,0,0,52.5
9D26F18E51D1CF11ABD52A85A1793932,2013-08-09 14:13:00,2013-08-09 14:27:00,1,-74.006264,40.712017,-73.946938,40.780136,22.5,CSH,0,0.5,0,0,23
9D26F18E51D1CF11ABD52A85A1793932,2013-08-09 14:34:00,2013-08-09 14:52:00,1,-73.952957,40.768021,-73.999435,40.730137,19,CRD,0,0.5,3.8,0,23.3
9D26F18E51D1CF11ABD52A85A1793932,2013-08-09 14:54:00,2013-08-09 15:11:00,1,-74.000221,40.732834,-73.982956,40.753361,12,CRD,0,0.5,1.5,0,14
9D26F18E51D1CF11ABD52A85A1793932,2013-08-09 15:15:00,2013-08-09 15:23:00,1,-73.981621,40.751705,-73.98391,40.735275,8,CRD,0,0.5,1.6,0,10.1
9D26F18E51D1CF11ABD52A85A1793932,2013-08-09 15:35:00,2013-08-09 15:42:00,1,-73.985214,40.735786,-73.97612,40.748653,7,CSH,0,0.5,0,0,7.5
9D26F18E51D1CF11ABD52A85A1793932,2013-08-09 15:46:00,2013-08-09 16:03:00,1,-73.974396,40.750744,-73.995895,40.764141,12,CRD,0,0.5,2,0,14.5
9D26F18E51D1CF11ABD52A85A1793932,2013-08-09 16:04:00,2013-08-09 16:29:00,1,-73.995811,40.764397,-73.983429,40.723663,18,CRD,1,0.5,3.8,0,23.3
9D26F18E51D1CF11ABD52A85A1793932,2013-08-09 16:31:00,2013-08-09 16:54:00,1,-73.97921,40.72364,-73.986938,40.761471,17,CSH,1,0.5,0,0,18.5
9D26F18E51D1CF11ABD52A85A1793932,2013-08-09 16:56:00,2013-08-09 17:08:00,1,-73.986435,40.76231,-73.95649,40.768059,10.5,CSH,1,0.5,0,0,12
9D26F18E51D1CF11ABD52A85A1793932,2013-08-09 17:10:00,2013-08-09 17:22:00,1,-73.954651,40.767197,-73.980034,40.78051,11,CRD,1,0.5,1,0,13.5
9D26F18E51D1CF11ABD52A85A1793932,2013-08-09 17:27:00,2013-08-09 18:10:00,1,-73.98217,40.776882,-73.995934,40.691299,33,CRD,1,0.5,3,0,37.5
9D26F18E51D1CF11ABD52A85A1793932,2013-08-09 18:22:00,2013-08-09 18:41:00,1,-74.007751,40.711723,-73.987892,40.719131,13,CRD,1,0.5,2.8,0,17.3
9D26F18E51D1CF11ABD52A85A1793932,2013-08-09 18:52:00,2013-08-09 19:01:00,1,-73.988075,40.732059,-73.976944,40.751968,8.5,CRD,1,0.5,1.9,0,11.9
9D26F18E51D1CF11ABD52A85A1793932,2013-08-09 19:03:00,2013-08-09 19:32:00,1,-73.978081,40.752419,-73.976143,40.75145,16,CSH,1,0.5,0,0,17.5
9D26F18E51D1CF11ABD52A85A1793932,2013-08-09 19:34:00,2013-08-09 19:42:00,1,-73.978081,40.752419,-73.98645,40.760361,7,CSH,1,0.5,0,0,8.5
9D26F18E51D1CF11ABD52A85A1793932,2013-08-09 19:51:00,2013-08-09 20:04:00,1,-73.980164,40.760578,-73.951874,40.777889,11,CRD,1,0.5,2.4,0,14.9
9D26F18E51D1CF11ABD52A85A1793932,2013-08-09 20:09:00,2013-08-09 20:16:00,1,-73.961601,40.774471,-73.979965,40.782097,7,CSH,0.5,0.5,0,0,8
9D26F18E51D1CF11ABD52A85A1793932,2013-08-09 20:17:00,2013-08-09 20:30:00,1,-73.981293,40.781979,-73.982239,40.752068,11,CRD,0.5,0.5,1.5,0,13.5
9D26F18E51D1CF11ABD52A85A1793932,2013-08-09 20:31:00,2013-08-09 20:35:00,1,-73.982285,40.751637,-73.989471,40.751911,4.5,CRD,0.5,0.5,1,0,6.5
9D26F18E51D1CF11ABD52A85A1793932,2013-08-09 20:42:00,2013-08-09 20:47:00,1,-73.989906,40.744152,-73.978432,40.745201,5.5,CRD,0.5,0.5,1.2,0,7.7
9D26F18E51D1CF11ABD52A85A1793932,2013-08-09 20:54:00,2013-08-09 20:57:00,1,-73.981529,40.746799,-73.978691,40.742706,4,CRD,0.5,0.5,0.9,0,5.9
9D26F18E51D1CF11ABD52A85A1793932,2013-08-09 21:09:00,2013-08-09 21:20:00,1,-73.988876,40.750534,-74.009682,40.72311,10.5,CRD,0.5,0.5,2.2,0,13.7
9D26F18E51D1CF11ABD52A85A1793932,2013-08-09 21:27:00,2013-08-09 21:32:00,1,-74.002098,40.729771,-73.996002,40.739494,5,CRD,0.5,0.5,0,0,6
9D26F18E51D1CF11ABD52A85A1793932,2013-08-09 21:39:00,2013-08-09 21:47:00,1,-73.991837,40.738537,-73.984322,40.725658,7.5,CRD,0.5,0.5,1.6,0,10.1
9D26F18E51D1CF11ABD52A85A1793932,2013-08-09 21:55:00,2013-08-09 22:05:00,1,-73.984909,40.736416,-73.958511,40.770622,10.5,CRD,0.5,0.5,2,0,13.5
9D26F18E51D1CF11ABD52A85A1793932,2013-08-09 22:09:00,2013-08-09 22:22:00,1,-73.962914,40.762833,-73.994736,40.74538,12,CRD,0.5,0.5,2.5,0,15.5
9D26F18E51D1CF11ABD52A85A1793932,2013-08-09 22:56:00,2013-08-09 23:07:00,1,-73.988091,40.749294,-73.955948,40.76786,11,CRD,0.5,0.5,1,0,13
9D26F18E51D1CF11ABD52A85A1793932,2013-08-09 23:25:00,2013-08-09 23:34:00,1,-73.987312,40.760471,-73.991005,40.75061,7.5,CSH,0.5,0.5,0,0,8.5
9D26F18E51D1CF11ABD52A85A1793932,2013-08-09 23:37:00,2013-08-09 23:46:00,1,-73.991341,40.749718,-73.977081,40.739017,7.5,CRD,0.5,0.5,2.4,0,10.9
9D26F18E51D1CF11ABD52A85A1793932,2013-08-09 23:47:00,2013-08-09 23:55:00,1,-73.974617,40.742222,-73.988205,40.722927,10,CRD,0.5,0.5,2.1,0,13.1
9D26F18E51D1CF11ABD52A85A1793932,2013-08-09 23:58:00,2013-08-10 00:09:00,1,-73.991379,40.723896,-74.008698,40.738235,9,CSH,0.5,0.5,0,0,10
3BCD8C31FAA3F956FCF1E94F56D04A60,2013-09-28 00:01:04,2013-09-28 00:11:53,3,-73.988708,40.748386,-73.984909,40.768368,10,CSH,0.5,0.5,0,0,11
3BCD8C31FAA3F956FCF1E94F56D04A60,2013-09-28 00:01:04,2013-09-28 00:11:53,3,-73.988708,40.748386,-73.984909,40.768368,10,CSH,0.5,0.5,0,0,11
3BCD8C31FAA3F956FCF1E94F56D04A60,2013-09-28 00:13:42,2013-09-28 00:25:09,3,-73.984756,40.768242,-73.993134,40.736897,11,CRD,0.5,0.5,2.4,0,14.4
3BCD8C31FAA3F956FCF1E94F56D04A60,2013-09-28 00:13:42,2013-09-28 00:25:09,3,-73.984756,40.768242,-73.993134,40.736897,11,CRD,0.5,0.5,2.4,0,14.4
3BCD8C31FAA3F956FCF1E94F56D04A60,2013-09-28 00:27:41,2013-09-28 00:37:04,2,-73.995605,40.738976,-74.007462,40.741028,8,CSH,0.5,0.5,0,0,9
3BCD8C31FAA3F956FCF1E94F56D04A60,2013-09-28 00:27:41,2013-09-28 00:37:04,2,-73.995605,40.738976,-74.007462,40.741028,8,CSH,0.5,0.5,0,0,9
3BCD8C31FAA3F956FCF1E94F56D04A60,2013-09-28 00:37:56,2013-09-28 00:44:59,2,-74.00766,40.74081,-73.994797,40.750282,7,CSH,0.5,0.5,0,0,8
3BCD8C31FAA3F956FCF1E94F56D04A60,2013-09-28 00:37:56,2013-09-28 00:44:59,2,-74.00766,40.74081,-73.994797,40.750282,7,CSH,0.5,0.5,0,0,8
3BCD8C31FAA3F956FCF1E94F56D04A60,2013-09-28 00:57:48,2013-09-28 01:05:15,1,-73.975578,40.750839,-73.992386,40.749241,7.5,CRD,0.5,0.5,1.7,0,10.2
3BCD8C31FAA3F956FCF1E94F56D04A60,2013-09-28 00:57:48,2013-09-28 01:05:15,1,-73.975578,40.750839,-73.992386,40.749241,7.5,CRD,0.5,0.5,1.7,0,10.2
3BCD8C31FAA3F956FCF1E94F56D04A60,2013-09-28 01:12:05,2013-09-28 01:36:26,3,-73.987846,40.760082,-73.927635,40.865486,28.5,CRD,0.5,0.5,5.9,0,35.4
3BCD8C31FAA3F956FCF1E94F56D04A60,2013-09-28 01:12:05,2013-09-28 01:36:26,3,-73.987846,40.760082,-73.927635,40.865486,28.5,CRD,0.5,0.5,5.9,0,35.4
3BCD8C31FAA3F956FCF1E94F56D04A60,2013-09-28 02:04:18,2013-09-28 02:12:26,2,-73.985573,40.768074,-73.946053,40.835369,17,CSH,0.5,0.5,0,0,18
3BCD8C31FAA3F956FCF1E94F56D04A60,2013-09-28 02:04:18,2013-09-28 02:12:26,2,-73.985573,40.768074,-73.946053,40.835369,17,CSH,0.5,0.5,0,0,18
3BCD8C31FAA3F956FCF1E94F56D04A60,2013-09-28 02:38:24,2013-09-28 02:48:55,1,-74.002174,40.734669,-73.986214,40.775799,12.5,CRD,0.5,0.5,2.7,0,16.2
3BCD8C31FAA3F956FCF1E94F56D04A60,2013-09-28 02:38:24,2013-09-28 02:48:55,1,-74.002174,40.734669,-73.986214,40.775799,12.5,CRD,0.5,0.5,2.7,0,16.2
3BCD8C31FAA3F956FCF1E94F56D04A60,2013-09-28 02:53:50,2013-09-28 03:00:02,2,-73.982491,40.767918,-73.973526,40.761501,8,CRD,0.5,0.5,1.8,0,10.8
3BCD8C31FAA3F956FCF1E94F56D04A60,2013-09-28 02:53:50,2013-09-28 03:00:02,2,-73.982491,40.767918,-73.973526,40.761501,8,CRD,0.5,0.5,1.8,0,10.8
3BCD8C31FAA3F956FCF1E94F56D04A60,2013-09-28 03:14:03,2013-09-28 03:26:58,1,-73.989853,40.729664,-73.990433,40.768181,13,CSH,0.5,0.5,0,0,14
3BCD8C31FAA3F956FCF1E94F56D04A60,2013-09-28 03:14:03,2013-09-28 03:26:58,1,-73.989853,40.729664,-73.990433,40.768181,13,CSH,0.5,0.5,0,0,14
3BCD8C31FAA3F956FCF1E94F56D04A60,2013-09-28 03:32:01,2013-09-28 03:48:12,1,-73.993607,40.762482,-73.910477,40.761833,19,CSH,0.5,0.5,0,0,20
3BCD8C31FAA3F956FCF1E94F56D04A60,2013-09-28 03:32:01,2013-09-28 03:48:12,1,-73.993607,40.762482,-73.910477,40.761833,19,CSH,0.5,0.5,0,0,20
3BCD8C31FAA3F956FCF1E94F56D04A60,2013-09-28 04:19:59,2013-09-28 04:23:19,1,-73.990013,40.729401,-73.981071,40.733807,4.5,CSH,0.5,0.5,0,0,5.5
3BCD8C31FAA3F956FCF1E94F56D04A60,2013-09-28 04:19:59,2013-09-28 04:23:19,1,-73.990013,40.729401,-73.981071,40.733807,4.5,CSH,0.5,0.5,0,0,5.5
3BCD8C31FAA3F956FCF1E94F56D04A60,2013-09-28 06:21:24,2013-09-28 06:48:39,1,-73.988823,40.758598,-73.962944,40.66066,32.5,CRD,0,0.5,5,0,38
3BCD8C31FAA3F956FCF1E94F56D04A60,2013-09-28 06:21:24,2013-09-28 06:48:39,1,-73.988823,40.758598,-73.962944,40.66066,32.5,CRD,0,0.5,5,0,38
3BCD8C31FAA3F956FCF1E94F56D04A60,2013-09-28 08:38:36,2013-09-28 08:54:25,1,-73.957893,40.759857,-73.957809,40.722015,23.5,CSH,0,0.5,0,0,24
3BCD8C31FAA3F956FCF1E94F56D04A60,2013-09-28 08:38:36,2013-09-28 08:54:25,1,-73.957893,40.759857,-73.957809,40.722015,23.5,CSH,0,0.5,0,0,24
3BCD8C31FAA3F956FCF1E94F56D04A60,2013-09-28 09:01:46,2013-09-28 09:23:23,1,-73.964439,40.715797,-73.999893,40.725403,16,CRD,0,0.5,2,0,18.5
3BCD8C31FAA3F956FCF1E94F56D04A60,2013-09-28 09:01:46,2013-09-28 09:23:23,1,-73.964439,40.715797,-73.999893,40.725403,16,CRD,0,0.5,2,0,18.5
3BCD8C31FAA3F956FCF1E94F56D04A60,2013-09-28 09:33:06,2013-09-28 09:39:11,1,-73.995171,40.749691,-74.005852,40.737072,6.5,CRD,0,0.5,1.75,0,8.75
3BCD8C31FAA3F956FCF1E94F56D04A60,2013-09-28 09:33:06,2013-09-28 09:39:11,1,-73.995171,40.749691,-74.005852,40.737072,6.5,CRD,0,0.5,1.75,0,8.75
3BCD8C31FAA3F956FCF1E94F56D04A60,2013-09-28 09:41:54,2013-09-28 09:58:39,1,-74.004906,40.737617,-73.983376,40.77631,14,CRD,0,0.5,3.62,0,18.12
3BCD8C31FAA3F956FCF1E94F56D04A60,2013-09-28 09:41:54,2013-09-28 09:58:39,1,-74.004906,40.737617,-73.983376,40.77631,14,CRD,0,0.5,3.62,0,18.12
3BCD8C31FAA3F956FCF1E94F56D04A60,2013-09-28 10:05:21,2013-09-28 10:11:23,1,-73.974579,40.790901,-73.962196,40.810314,7.5,CRD,0,0.5,0,0,8
3BCD8C31FAA3F956FCF1E94F56D04A60,2013-09-28 10:05:21,2013-09-28 10:11:23,1,-73.974579,40.790901,-73.962196,40.810314,7.5,CRD,0,0.5,0,0,8
3BCD8C31FAA3F956FCF1E94F56D04A60,2013-09-28 10:19:29,2013-09-28 10:23:46,1,-73.960228,40.797935,-73.969505,40.785294,5.5,CRD,0,0.5,1.5,0,7.5
3BCD8C31FAA3F956FCF1E94F56D04A60,2013-09-28 10:19:29,2013-09-28 10:23:46,1,-73.960228,40.797935,-73.969505,40.785294,5.5,CRD,0,0.5,1.5,0,7.5
3BCD8C31FAA3F956FCF1E94F56D04A60,2013-09-28 10:24:18,2013-09-28 10:28:30,1,-73.969566,40.785252,-73.979935,40.770962,6,CSH,0,0.5,0,0,6.5
3BCD8C31FAA3F956FCF1E94F56D04A60,2013-09-28 10:24:18,2013-09-28 10:28:30,1,-73.969566,40.785252,-73.979935,40.770962,6,CSH,0,0.5,0,0,6.5
3BCD8C31FAA3F956FCF1E94F56D04A60,2013-09-28 10:30:24,2013-09-28 10:43:58,1,-73.98204,40.770546,-73.951088,40.774593,11.5,CRD,0,0.5,2.4,0,14.4
3BCD8C31FAA3F956FCF1E94F56D04A60,2013-09-28 10:30:24,2013-09-28 10:43:58,1,-73.98204,40.770546,-73.951088,40.774593,11.5,CRD,0,0.5,2.4,0,14.4
3BCD8C31FAA3F956FCF1E94F56D04A60,2013-09-28 10:50:30,2013-09-28 11:00:49,1,-73.95974,40.773636,-73.982788,40.744751,10.5,CRD,0,0.5,2,0,13
3BCD8C31FAA3F956FCF1E94F56D04A60,2013-09-28 10:50:30,2013-09-28 11:00:49,1,-73.95974,40.773636,-73.982788,40.744751,10.5,CRD,0,0.5,2,0,13
3BCD8C31FAA3F956FCF1E94F56D04A60,2013-09-28 11:04:28,2013-09-28 11:12:37,1,-73.984009,40.744225,-73.99469,40.750473,6.5,CSH,0,0.5,0,0,7
3BCD8C31FAA3F956FCF1E94F56D04A60,2013-09-28 11:04:28,2013-09-28 11:12:37,1,-73.984009,40.744225,-73.99469,40.750473,6.5,CSH,0,0.5,0,0,7
3BCD8C31FAA3F956FCF1E94F56D04A60,2013-09-28 11:30:09,2013-09-28 11:48:24,1,-73.99408,40.751286,-73.979301,40.736401,13.5,CRD,0,0.5,2.8,0,16.8
3BCD8C31FAA3F956FCF1E94F56D04A60,2013-09-28 11:30:09,2013-09-28 11:48:24,1,-73.99408,40.751286,-73.979301,40.736401,13.5,CRD,0,0.5,2.8,0,16.8
3BCD8C31FAA3F956FCF1E94F56D04A60,2013-09-28 11:52:16,2013-09-28 12:01:29,1,-73.974419,40.742573,-73.966629,40.77235,10,CRD,0,0.5,1,0,11.5
3BCD8C31FAA3F956FCF1E94F56D04A60,2013-09-28 11:52:16,2013-09-28 12:01:29,1,-73.974419,40.742573,-73.966629,40.77235,10,CRD,0,0.5,1,0,11.5
3BCD8C31FAA3F956FCF1E94F56D04A60,2013-09-28 12:05:03,2013-09-28 12:07:58,1,-73.969788,40.768776,-73.977036,40.758732,4.5,CSH,0,0.5,0,0,5
3BCD8C31FAA3F956FCF1E94F56D04A60,2013-09-28 12:05:03,2013-09-28 12:07:58,1,-73.969788,40.768776,-73.977036,40.758732,4.5,CSH,0,0.5,0,0,5
3BCD8C31FAA3F956FCF1E94F56D04A60,2013-09-28 12:18:13,2013-09-28 12:30:53,1,-73.988831,40.75304,-73.979309,40.742123,9.5,CSH,0,0.5,0,0,10
3BCD8C31FAA3F956FCF1E94F56D04A60,2013-09-28 12:18:13,2013-09-28 12:30:53,1,-73.988831,40.75304,-73.979309,40.742123,9.5,CSH,0,0.5,0,0,10
3BCD8C31FAA3F956FCF1E94F56D04A60,2013-09-28 13:44:47,2013-09-28 13:48:43,1,-73.994415,40.751598,-73.993301,40.753101,4,CRD,0,0.5,0.9,0,5.4
3BCD8C31FAA3F956FCF1E94F56D04A60,2013-09-28 13:44:47,2013-09-28 13:48:43,1,-73.994415,40.751598,-73.993301,40.753101,4,CRD,0,0.5,0.9,0,5.4
3BCD8C31FAA3F956FCF1E94F56D04A60,2013-09-28 14:03:37,2013-09-28 14:19:17,1,-73.990715,40.756016,-73.983582,40.757118,10.5,CRD,0,0.5,0.01,0,11.01
3BCD8C31FAA3F956FCF1E94F56D04A60,2013-09-28 14:03:37,2013-09-28 14:19:17,1,-73.990715,40.756016,-73.983582,40.757118,10.5,CRD,0,0.5,0.01,0,11.01
3BCD8C31FAA3F956FCF1E94F56D04A60,2013-09-28 14:33:08,2013-09-28 14:41:56,1,-73.988029,40.75964,-73.971901,40.781715,8.5,CSH,0,0.5,0,0,9
3BCD8C31FAA3F956FCF1E94F56D04A60,2013-09-28 14:33:08,2013-09-28 14:41:56,1,-73.988029,40.75964,-73.971901,40.781715,8.5,CSH,0,0.5,0,0,9
3BCD8C31FAA3F956FCF1E94F56D04A60,2013-09-28 14:43:51,2013-09-28 14:45:52,1,-73.971832,40.781822,-73.96402,40.777069,4,CSH,0,0.5,0,0,4.5
3BCD8C31FAA3F956FCF1E94F56D04A60,2013-09-28 14:43:51,2013-09-28 14:45:52,1,-73.971832,40.781822,-73.96402,40.777069,4,CSH,0,0.5,0,0,4.5
3BCD8C31FAA3F956FCF1E94F56D04A60,2013-09-28 15:00:48,2013-09-28 15:19:21,1,-73.974442,40.756306,-73.997833,40.751289,12.5,CRD,0,0.5,2.6,0,15.6
3BCD8C31FAA3F956FCF1E94F56D04A60,2013-09-28 15:00:48,2013-09-28 15:19:21,1,-73.974442,40.756306,-73.997833,40.751289,12.5,CRD,0,0.5,2.6,0,15.6
3BCD8C31FAA3F956FCF1E94F56D04A60,2013-09-28 15:20:07,2013-09-28 15:30:51,1,-73.99791,40.75111,-73.9925,40.748249,7.5,CRD,0,0.5,0,0,8
3BCD8C31FAA3F956FCF1E94F56D04A60,2013-09-28 15:20:07,2013-09-28 15:30:51,1,-73.99791,40.75111,-73.9925,40.748249,7.5,CRD,0,0.5,0,0,8
3BCD8C31FAA3F956FCF1E94F56D04A60,2013-09-28 15:35:38,2013-09-28 15:47:37,1,-73.994865,40.749962,-73.989929,40.757023,8.5,CSH,0,0.5,0,0,9
3BCD8C31FAA3F956FCF1E94F56D04A60,2013-09-28 15:35:38,2013-09-28 15:47:37,1,-73.994865,40.749962,-73.989929,40.757023,8.5,CSH,0,0.5,0,0,9
3BCD8C31FAA3F956FCF1E94F56D04A60,2013-09-28 15:49:15,2013-09-28 15:59:58,1,-73.989197,40.757881,-73.973541,40.763397,8.5,CRD,0,0.5,1.8,0,10.8
3BCD8C31FAA3F956FCF1E94F56D04A60,2013-09-28 15:49:15,2013-09-28 15:59:58,1,-73.989197,40.757881,-73.973541,40.763397,8.5,CRD,0,0.5,1.8,0,10.8
3BCD8C31FAA3F956FCF1E94F56D04A60,2013-09-28 16:02:28,2013-09-28 16:17:31,1,-73.973351,40.763268,-73.988365,40.737228,11.5,CRD,0,0.5,1,0,13
3BCD8C31FAA3F956FCF1E94F56D04A60,2013-09-28 16:02:28,2013-09-28 16:17:31,1,-73.973351,40.763268,-73.988365,40.737228,11.5,CRD,0,0.5,1,0,13
3BCD8C31FAA3F956FCF1E94F56D04A60,2013-09-28 16:24:58,2013-09-28 16:30:24,1,-74.003365,40.742512,-73.995613,40.759369,6.5,CRD,0,0.5,1.4,0,8.4
3BCD8C31FAA3F956FCF1E94F56D04A60,2013-09-28 16:24:58,2013-09-28 16:30:24,1,-74.003365,40.742512,-73.995613,40.759369,6.5,CRD,0,0.5,1.4,0,8.4
3BCD8C31FAA3F956FCF1E94F56D04A60,2013-09-28 17:01:08,2013-09-28 17:25:31,1,-73.994438,40.760822,-73.982124,40.756916,14.5,CSH,0,0.5,0,0,15
3BCD8C31FAA3F956FCF1E94F56D04A60,2013-09-28 17:01:08,2013-09-28 17:25:31,1,-73.994438,40.760822,-73.982124,40.756916,14.5,CSH,0,0.5,0,0,15
3BCD8C31FAA3F956FCF1E94F56D04A60,2013-09-28 17:26:59,2013-09-28 17:39:00,2,-73.979767,40.756287,-73.960335,40.762054,9,CSH,0,0.5,0,0,9.5
3BCD8C31FAA3F956FCF1E94F56D04A60,2013-09-28 17:26:59,2013-09-28 17:39:00,2,-73.979767,40.756287,-73.960335,40.762054,9,CSH,0,0.5,0,0,9.5
3BCD8C31FAA3F956FCF1E94F56D04A60,2013-09-28 17:43:45,2013-09-28 17:59:55,1,-73.95414,40.7747,-73.976166,40.748646,12.5,CRD,0,0.5,3,0,16
3BCD8C31FAA3F956FCF1E94F56D04A60,2013-09-28 17:43:45,2013-09-28 17:59:55,1,-73.95414,40.7747,-73.976166,40.748646,12.5,CRD,0,0.5,3,0,16
3BCD8C31FAA3F956FCF1E94F56D04A60,2013-09-28 18:01:43,2013-09-28 18:07:44,1,-73.976509,40.748695,-73.990608,40.745228,6,CRD,0,0.5,1.3,0,7.8
3BCD8C31FAA3F956FCF1E94F56D04A60,2013-09-28 18:01:43,2013-09-28 18:07:44,1,-73.976509,40.748695,-73.990608,40.745228,6,CRD,0,0.5,1.3,0,7.8
3BCD8C31FAA3F956FCF1E94F56D04A60,2013-09-28 18:09:27,2013-09-28 18:15:40,1,-73.990486,40.746201,-73.985657,40.753639,5.5,CRD,0,0.5,1.2,0,7.2
3BCD8C31FAA3F956FCF1E94F56D04A60,2013-09-28 18:09:27,2013-09-28 18:15:40,1,-73.990486,40.746201,-73.985657,40.753639,5.5,CRD,0,0.5,1.2,0,7.2
3BCD8C31FAA3F956FCF1E94F56D04A60,2013-09-28 18:22:25,2013-09-28 18:31:25,2,-73.98674,40.74551,-73.991615,40.730255,8,CRD,0,0.5,2.12,0,10.62
3BCD8C31FAA3F956FCF1E94F56D04A60,2013-09-28 18:22:25,2013-09-28 18:31:25,2,-73.98674,40.74551,-73.991615,40.730255,8,CRD,0,0.5,2.12,0,10.62
3BCD8C31FAA3F956FCF1E94F56D04A60,2013-09-28 18:38:56,2013-09-28 18:50:48,1,-73.975441,40.749287,-73.992264,40.749287,9,CSH,0,0.5,0,0,9.5
3BCD8C31FAA3F956FCF1E94F56D04A60,2013-09-28 18:38:56,2013-09-28 18:50:48,1,-73.975441,40.749287,-73.992264,40.749287,9,CSH,0,0.5,0,0,9.5
3BCD8C31FAA3F956FCF1E94F56D04A60,2013-09-28 18:51:39,2013-09-28 19:20:36,1,-73.992271,40.749374,-73.992088,40.71801,19.5,CRD,0,0.5,4,0,24
3BCD8C31FAA3F956FCF1E94F56D04A60,2013-09-28 18:51:39,2013-09-28 19:20:36,1,-73.992271,40.749374,-73.992088,40.71801,19.5,CRD,0,0.5,4,0,24
3BCD8C31FAA3F956FCF1E94F56D04A60,2013-09-28 19:36:57,2013-09-28 19:44:13,1,-73.975792,40.748894,-73.974243,40.758095,6.5,CRD,0,0.5,1.4,0,8.4
3BCD8C31FAA3F956FCF1E94F56D04A60,2013-09-28 19:36:57,2013-09-28 19:44:13,1,-73.975792,40.748894,-73.974243,40.758095,6.5,CRD,0,0.5,1.4,0,8.4
3BCD8C31FAA3F956FCF1E94F56D04A60,2013-09-28 19:47:39,2013-09-28 19:53:19,3,-73.972275,40.761963,-73.959595,40.762772,6,CRD,0,0.5,1.5,0,8
3BCD8C31FAA3F956FCF1E94F56D04A60,2013-09-28 19:47:39,2013-09-28 19:53:19,3,-73.972275,40.761963,-73.959595,40.762772,6,CRD,0,0.5,1.5,0,8
3BCD8C31FAA3F956FCF1E94F56D04A60,2013-09-28 19:54:32,2013-09-28 19:58:02,1,-73.958794,40.76405,-73.966431,40.764641,4.5,CRD,0.5,0.5,1,0,6.5
3BCD8C31FAA3F956FCF1E94F56D04A60,2013-09-28 19:54:32,2013-09-28 19:58:02,1,-73.958794,40.76405,-73.966431,40.764641,4.5,CRD,0.5,0.5,1,0,6.5
3BCD8C31FAA3F956FCF1E94F56D04A60,2013-09-28 19:59:06,2013-09-28 20:29:30,2,-73.96682,40.76408,-74.033943,40.61248,43,CSH,0.5,0.5,0,0,44
3BCD8C31FAA3F956FCF1E94F56D04A60,2013-09-28 19:59:06,2013-09-28 20:29:30,2,-73.96682,40.76408,-74.033943,40.61248,43,CSH,0.5,0.5,0,0,44
3BCD8C31FAA3F956FCF1E94F56D04A60,2013-09-28 21:08:02,2013-09-28 21:18:52,2,-73.997566,40.718864,-74.015106,40.709038,9.5,CSH,0.5,0.5,0,0,10.5
3BCD8C31FAA3F956FCF1E94F56D04A60,2013-09-28 21:08:02,2013-09-28 21:18:52,2,-73.997566,40.718864,-74.015106,40.709038,9.5,CSH,0.5,0.5,0,0,10.5
3BCD8C31FAA3F956FCF1E94F56D04A60,2013-09-28 21:21:10,2013-09-28 21:26:43,2,-74.013947,40.709602,-74.008781,40.717381,6,CSH,0.5,0.5,0,0,7
3BCD8C31FAA3F956FCF1E94F56D04A60,2013-09-28 21:21:10,2013-09-28 21:26:43,2,-74.013947,40.709602,-74.008781,40.717381,6,CSH,0.5,0.5,0,0,7
3BCD8C31FAA3F956FCF1E94F56D04A60,2013-09-28 21:28:20,2013-09-28 22:09:35,2,-74.00856,40.719753,-73.94783,40.675133,29,CRD,0.5,0.5,6,0,36
3BCD8C31FAA3F956FCF1E94F56D04A60,2013-09-28 21:28:20,2013-09-28 22:09:35,2,-74.00856,40.719753,-73.94783,40.675133,29,CRD,0.5,0.5,6,0,36
3BCD8C31FAA3F956FCF1E94F56D04A60,2013-09-28 22:53:24,2013-09-28 23:03:49,1,-74.00457,40.721684,-74.005524,40.739895,8.5,CSH,0.5,0.5,0,0,9.5
3BCD8C31FAA3F956FCF1E94F56D04A60,2013-09-28 22:53:24,2013-09-28 23:03:49,1,-74.00457,40.721684,-74.005524,40.739895,8.5,CSH,0.5,0.5,0,0,9.5
3BCD8C31FAA3F956FCF1E94F56D04A60,2013-09-28 23:06:25,2013-09-28 23:18:08,1,-74.003311,40.737656,-73.995079,40.724968,9,CRD,0.5,0.5,2,0,12
3BCD8C31FAA3F956FCF1E94F56D04A60,2013-09-28 23:06:25,2013-09-28 23:18:08,1,-74.003311,40.737656,-73.995079,40.724968,9,CRD,0.5,0.5,2,0,12
3BCD8C31FAA3F956FCF1E94F56D04A60,2013-09-28 23:24:48,2013-09-28 23:38:42,1,-73.989784,40.729893,-73.958733,40.772881,13,CRD,0.5,0.5,2.8,0,16.8
3BCD8C31FAA3F956FCF1E94F56D04A60,2013-09-28 23:24:48,2013-09-28 23:38:42,1,-73.989784,40.729893,-73.958733,40.772881,13,CRD,0.5,0.5,2.8,0,16.8
3BCD8C31FAA3F956FCF1E94F56D04A60,2013-09-28 23:40:23,2013-09-28 23:51:38,2,-73.957314,40.774036,-73.942238,40.81546,14.5,CRD,0.5,0.5,3.1,0,18.6
3BCD8C31FAA3F956FCF1E94F56D04A60,2013-09-28 23:40:23,2013-09-28 23:51:38,2,-73.957314,40.774036,-73.942238,40.81546,14.5,CRD,0.5,0.5,3.1,0,18.6
3BCD8C31FAA3F956FCF1E94F56D04A60,2013-09-28 23:53:55,2013-09-29 00:12:49,1,-73.941063,40.813965,-73.98671,40.764107,17.5,CSH,0.5,0.5,0,0,18.5
3BCD8C31FAA3F956FCF1E94F56D04A60,2013-09-28 23:53:55,2013-09-29 00:12:49,1,-73.941063,40.813965,-73.98671,40.764107,17.5,CSH,0.5,0.5,0,0,18.5
B872D33BF89C6C9520CEDBDDDD421AF9,2013-11-11 00:05:00,2013-11-11 00:15:00,1,-73.969002,40.768383,-74.005264,40.731972,12,CRD,0.5,0.5,2.6,0,15.6
B872D33BF89C6C9520CEDBDDDD421AF9,2013-11-11 01:32:00,2013-11-11 01:38:00,1,-73.991356,40.760441,-73.970711,40.762684,7,CSH,0.5,0.5,0,0,8
B872D33BF89C6C9520CEDBDDDD421AF9,2013-11-11 01:40:00,2013-11-11 01:45:00,1,-73.973038,40.759708,-73.983253,40.741753,6.5,CRD,0.5,0.5,2.25,0,9.75
B872D33BF89C6C9520CEDBDDDD421AF9,2013-11-11 01:50:00,2013-11-11 02:01:00,1,-73.984276,40.749191,-74.009628,40.704224,12.5,CRD,0.5,0.5,1,0,14.5
B872D33BF89C6C9520CEDBDDDD421AF9,2013-11-11 02:25:00,2013-11-11 02:45:00,1,-73.997559,40.725639,-73.996681,40.644161,26,CRD,0.5,0.5,8.88,0,35.88
B872D33BF89C6C9520CEDBDDDD421AF9,2013-11-11 03:48:00,2013-11-11 03:57:00,1,-73.991516,40.735172,-73.997467,40.718861,9,CSH,0.5,0.5,0,0,10
B872D33BF89C6C9520CEDBDDDD421AF9,2013-11-11 04:05:00,2013-11-11 04:07:00,1,-73.990555,40.728554,-73.985878,40.735058,3.5,CSH,0.5,0.5,0,0,4.5
B872D33BF89C6C9520CEDBDDDD421AF9,2013-11-11 04:45:00,2013-11-11 04:52:00,1,-73.96994,40.756733,-73.979073,40.772556,8,CRD,0.5,0.5,1.8,0,10.8
B872D33BF89C6C9520CEDBDDDD421AF9,2013-11-11 04:54:00,2013-11-11 05:18:00,1,-73.981819,40.773338,-74.182465,40.687778,63.5,CRD,0.5,0,5,8.25,77.25
B872D33BF89C6C9520CEDBDDDD421AF9,2013-11-11 07:51:00,2013-11-11 07:59:00,1,-73.917793,40.771301,-73.941536,40.806999,11.5,CSH,0,0.5,0,5.33,17.33
B872D33BF89C6C9520CEDBDDDD421AF9,2013-11-11 08:30:00,2013-11-11 08:38:00,1,-73.958626,40.775448,-73.97007,40.761578,7,CRD,0,0.5,0,0,7.5
B872D33BF89C6C9520CEDBDDDD421AF9,2013-11-11 08:39:00,2013-11-11 08:42:00,1,-73.970161,40.761475,-73.976501,40.764156,4,CSH,0,0.5,0,0,4.5
B872D33BF89C6C9520CEDBDDDD421AF9,2013-11-11 08:43:00,2013-11-11 08:56:00,1,-73.97654,40.764172,-73.980103,40.752613,10,CSH,0,0.5,0,0,10.5
B872D33BF89C6C9520CEDBDDDD421AF9,2013-11-11 09:01:00,2013-11-11 09:05:00,1,-73.977966,40.751942,-73.979095,40.74614,4.5,CSH,0,0.5,0,0,5
B872D33BF89C6C9520CEDBDDDD421AF9,2013-11-11 09:06:00,2013-11-11 09:08:00,1,-73.977966,40.751942,-73.975311,40.745312,3.5,CSH,0,0.5,0,0,4
B872D33BF89C6C9520CEDBDDDD421AF9,2013-11-11 09:12:00,2013-11-11 09:24:00,1,-73.978706,40.741032,-74.007675,40.707676,14,CRD,0,0.5,1.5,0,16
B872D33BF89C6C9520CEDBDDDD421AF9,2013-11-11 09:52:00,2013-11-11 10:02:00,1,-74.009293,40.706585,-73.971909,40.745808,14,CRD,0,0.5,4.35,0,18.85
B872D33BF89C6C9520CEDBDDDD421AF9,2013-11-11 10:03:00,2013-11-11 10:07:00,1,-73.972015,40.745922,-73.959282,40.760109,6,CSH,0,0.5,0,0,6.5
B872D33BF89C6C9520CEDBDDDD421AF9,2013-11-11 10:10:00,2013-11-11 10:22:00,1,-73.961121,40.760868,-73.972282,40.758877,8.5,CRD,0,0.5,2,0,11
B872D33BF89C6C9520CEDBDDDD421AF9,2013-11-11 10:42:00,2013-11-11 11:03:00,1,-73.970108,40.759296,-74.000946,40.757202,14,CSH,0,0.5,0,0,14.5
B872D33BF89C6C9520CEDBDDDD421AF9,2013-11-11 11:17:00,2013-11-11 11:43:00,1,-74.004982,40.741371,-73.9533,40.788589,24,CRD,0,0.5,4.9,0,29.4
B872D33BF89C6C9520CEDBDDDD421AF9,2013-11-11 11:45:00,2013-11-11 11:51:00,1,-73.952492,40.789497,-73.941612,40.811127,7,CSH,0,0.5,0,0,7.5
B872D33BF89C6C9520CEDBDDDD421AF9,2013-11-11 11:56:00,2013-11-11 12:03:00,1,-73.949158,40.809395,-73.950829,40.823364,7.5,CSH,0,0.5,0,0,8
B872D33BF89C6C9520CEDBDDDD421AF9,2013-11-11 12:22:00,2013-11-11 12:52:00,1,-73.964622,40.807228,-73.981247,40.729195,27,CRD,0,0.5,4.5,0,32
B872D33BF89C6C9520CEDBDDDD421AF9,2013-11-11 12:54:00,2013-11-11 13:00:00,1,-73.981422,40.728909,-73.990135,40.73531,6,CSH,0,0.5,0,0,6.5
B872D33BF89C6C9520CEDBDDDD421AF9,2013-11-11 13:07:00,2013-11-11 13:23:00,1,-73.983673,40.743626,-73.870659,40.773804,25.5,CRD,0,0.5,3.5,5.33,34.83
B872D33BF89C6C9520CEDBDDDD421AF9,2013-11-11 13:58:00,2013-11-11 14:50:00,1,-73.87455,40.774132,-73.977501,40.763344,43.5,CSH,0,0.5,0,5.33,49.33
B872D33BF89C6C9520CEDBDDDD421AF9,2013-11-11 14:51:00,2013-11-11 15:02:00,1,-73.87455,40.774132,-73.98587,40.772106,8.5,CSH,0,0.5,0,0,9
B872D33BF89C6C9520CEDBDDDD421AF9,2013-11-11 15:34:00,2013-11-11 15:39:00,1,-73.984375,40.779839,-73.968697,40.786697,6.5,CRD,0,0.5,2.1,0,9.1
B872D33BF89C6C9520CEDBDDDD421AF9,2013-11-11 15:43:00,2013-11-11 15:57:00,1,-73.969749,40.785011,-73.9487,40.773766,10.5,CSH,0,0.5,0,0,11
B872D33BF89C6C9520CEDBDDDD421AF9,2013-11-11 16:01:00,2013-11-11 16:06:00,1,-73.947563,40.776237,-73.960037,40.776207,5.5,CSH,0,0.5,0,0,6
B872D33BF89C6C9520CEDBDDDD421AF9,2013-11-11 16:08:00,2013-11-11 16:11:00,1,-73.96315,40.773418,-73.958046,40.777039,4,CRD,0,0.5,0.9,0,5.4
B872D33BF89C6C9520CEDBDDDD421AF9,2013-11-11 16:15:00,2013-11-11 16:27:00,1,-73.951706,40.781132,-73.953255,40.764595,9.5,CSH,0,0.5,0,0,10
B872D33BF89C6C9520CEDBDDDD421AF9,2013-11-11 16:41:00,2013-11-11 16:46:00,1,-73.946442,40.777023,-73.957649,40.769581,5.5,CSH,0,0.5,0,0,6
B872D33BF89C6C9520CEDBDDDD421AF9,2013-11-11 16:50:00,2013-11-11 16:55:00,1,-73.958939,40.772125,-73.95974,40.781197,5.5,CRD,0,0.5,1.2,0,7.2
B872D33BF89C6C9520CEDBDDDD421AF9,2013-11-11 17:24:00,2013-11-11 17:29:00,1,-73.968102,40.767986,-73.98085,40.76992,5.5,CRD,0,0.5,1.5,0,7.5
B872D33BF89C6C9520CEDBDDDD421AF9,2013-11-11 17:35:00,2013-11-11 17:52:00,1,-73.980179,40.780563,-73.974152,40.758678,12,CSH,0,0.5,0,0,12.5
B872D33BF89C6C9520CEDBDDDD421AF9,2013-11-11 17:54:00,2013-11-11 18:07:00,1,-73.974159,40.757309,-73.960732,40.769543,10,CRD,0,0.5,0,0,10.5
B872D33BF89C6C9520CEDBDDDD421AF9,2013-11-11 18:26:00,2013-11-11 18:35:00,1,-73.97036,40.764786,-73.982285,40.772778,7,CSH,0,0.5,0,0,7.5
B872D33BF89C6C9520CEDBDDDD421AF9,2013-11-11 18:38:00,2013-11-11 18:53:00,1,-73.987289,40.770451,-74.01635,40.708088,16.5,CRD,0,0.5,1.5,0,18.5
B872D33BF89C6C9520CEDBDDDD421AF9,2013-11-11 19:18:00,2013-11-11 19:23:00,1,-74.007339,40.743237,-73.983818,40.773731,8.5,CRD,0,0.5,1.8,0,10.8
B872D33BF89C6C9520CEDBDDDD421AF9,2013-11-11 19:38:00,2013-11-11 19:43:00,1,-74.005539,40.745667,-74.001068,40.735935,6,CRD,0,0.5,1.3,0,7.8
B872D33BF89C6C9520CEDBDDDD421AF9,2013-11-11 20:06:00,2013-11-11 20:22:00,1,-73.990982,40.741966,-73.955505,40.742302,14,CSH,0.5,0.5,0,5.33,20.33
B872D33BF89C6C9520CEDBDDDD421AF9,2013-11-11 20:44:00,2013-11-11 20:56:00,1,-73.973068,40.750847,-73.947876,40.777088,11,CRD,0.5,0.5,1,0,13
B872D33BF89C6C9520CEDBDDDD421AF9,2013-11-11 21:37:00,2013-11-11 21:41:00,1,-73.974487,40.760361,-73.972412,40.765163,5,CSH,0.5,0.5,0,0,6
B872D33BF89C6C9520CEDBDDDD421AF9,2013-11-11 21:45:00,2013-11-11 22:05:00,1,-73.977829,40.76059,-74.015938,40.715618,23.5,CRD,0.5,0.5,6.12,0,30.62
B872D33BF89C6C9520CEDBDDDD421AF9,2013-11-11 22:07:00,2013-11-11 22:17:00,1,-74.01432,40.715668,-74.002373,40.733639,9.5,CSH,0.5,0.5,0,0,10.5
B872D33BF89C6C9520CEDBDDDD421AF9,2013-11-11 22:22:00,2013-11-11 22:37:00,1,-74.005928,40.736134,-73.965088,40.7691,14,CRD,0.5,0.5,3,0,18
B872D33BF89C6C9520CEDBDDDD421AF9,2013-11-11 23:52:00,2013-11-12 00:01:00,1,-73.988976,40.74118,-73.970558,40.752636,8,CSH,0.5,0.5,0,0,9
9D7EBE7E297B017DEA8B7133AEB4325E,2013-11-28 00:22:21,2013-11-28 00:33:52,1,-73.974403,40.754936,-73.994431,40.756859,9,CSH,0.5,0.5,0,0,10
9D7EBE7E297B017DEA8B7133AEB4325E,2013-11-28 00:49:39,2013-11-28 00:59:42,1,-73.991592,40.76519,-73.997986,40.741219,9.5,CRD,0.5,0.5,1,0,11.5
9D7EBE7E297B017DEA8B7133AEB4325E,2013-11-28 01:01:42,2013-11-28 01:11:39,3,-73.998222,40.740616,-73.999725,40.714611,10,CSH,0.5,0.5,0,0,11
9D7EBE7E297B017DEA8B7133AEB4325E,2013-11-28 01:26:48,2013-11-28 01:33:17,1,-73.996071,40.724522,-73.980835,40.729794,6.5,CSH,0.5,0.5,0,0,7.5
9D7EBE7E297B017DEA8B7133AEB4325E,2013-11-28 01:36:54,2013-11-28 01:50:35,2,-73.980591,40.730202,-73.921364,40.745384,16.5,CSH,0.5,0.5,0,0,17.5
9D7EBE7E297B017DEA8B7133AEB4325E,2013-11-28 02:01:58,2013-11-28 02:07:55,1,-73.961288,40.760818,-73.951759,40.784603,8,CRD,0.5,0.5,1,0,10
9D7EBE7E297B017DEA8B7133AEB4325E,2013-11-28 02:42:59,2013-11-28 02:47:00,1,-73.999222,40.749447,-73.996056,40.738777,5.5,CRD,0.5,0.5,1.3,0,7.8
9D7EBE7E297B017DEA8B7133AEB4325E,2013-11-28 02:49:27,2013-11-28 03:00:32,2,-73.99366,40.741867,-73.955917,40.771999,12.5,CSH,0.5,0.5,0,0,13.5
9D7EBE7E297B017DEA8B7133AEB4325E,2013-11-28 03:02:40,2013-11-28 03:07:46,1,-73.956139,40.771713,-73.940041,40.750275,8.5,CSH,0.5,0.5,0,0,9.5
9D7EBE7E297B017DEA8B7133AEB4325E,2013-11-28 04:09:10,2013-11-28 04:18:02,1,-73.971436,40.76252,-73.996613,40.763138,8.5,CSH,0.5,0.5,0,0,9.5
9D7EBE7E297B017DEA8B7133AEB4325E,2013-11-28 04:19:35,2013-11-28 04:29:01,1,-73.996719,40.763027,-73.977928,40.759422,8.5,CRD,0.5,0.5,1.9,0,11.4
9D7EBE7E297B017DEA8B7133AEB4325E,2013-11-28 04:35:42,2013-11-28 04:48:12,1,-73.972961,40.761639,-74.004692,40.73037,13,CSH,0.5,0.5,0,0,14
9D7EBE7E297B017DEA8B7133AEB4325E,2013-11-28 04:57:27,2013-11-28 05:01:58,1,-73.982422,40.745529,-73.973534,40.748085,5.5,CRD,0.5,0.5,1,0,7.5
9D7EBE7E297B017DEA8B7133AEB4325E,2013-11-28 05:03:12,2013-11-28 05:14:23,1,-73.973999,40.747219,-73.872452,40.774296,23,CSH,0.5,0.5,0,5.33,29.33
9D7EBE7E297B017DEA8B7133AEB4325E,2013-11-28 06:38:15,2013-11-28 06:41:02,1,-73.966156,40.764668,-73.960724,40.766121,4,CSH,0,0.5,0,0,4.5
9D7EBE7E297B017DEA8B7133AEB4325E,2013-11-28 07:02:05,2013-11-28 07:06:55,1,-73.966194,40.764694,-73.956627,40.764626,5.5,CSH,0,0.5,0,0,6
9D7EBE7E297B017DEA8B7133AEB4325E,2013-11-28 07:18:47,2013-11-28 07:27:51,2,-73.952217,40.779022,-73.978081,40.765251,9.5,CSH,0,0.5,0,0,10
9D7EBE7E297B017DEA8B7133AEB4325E,2013-11-28 07:29:36,2013-11-28 07:32:54,3,-73.978088,40.765247,-73.982735,40.766796,4,CSH,0,0.5,0,0,4.5
9D7EBE7E297B017DEA8B7133AEB4325E,2013-11-28 08:04:45,2013-11-28 08:07:20,1,-73.952812,40.772533,-73.959663,40.773987,4,CSH,0,0.5,0,0,4.5
9D7EBE7E297B017DEA8B7133AEB4325E,2013-11-28 08:14:28,2013-11-28 08:27:07,3,-73.954468,40.784157,-73.980499,40.78038,12,CSH,0,0.5,0,0,12.5
9D7EBE7E297B017DEA8B7133AEB4325E,2013-11-28 08:30:52,2013-11-28 08:45:57,2,-73.977951,40.783833,-73.997917,40.751255,12.5,CRD,0,0.5,1,0,14
9D7EBE7E297B017DEA8B7133AEB4325E,2013-11-28 09:12:33,2013-11-28 09:18:30,1,-73.97303,40.744469,-73.969139,40.768242,8.5,CSH,0,0.5,0,0,9
9D7EBE7E297B017DEA8B7133AEB4325E,2013-11-28 09:28:23,2013-11-28 09:32:21,1,-73.966202,40.76503,-73.952759,40.780548,6,CSH,0,0.5,0,0,6.5
9D7EBE7E297B017DEA8B7133AEB4325E,2013-11-28 09:59:33,2013-11-28 10:06:07,4,-73.950089,40.78558,-73.966644,40.773067,7.5,CRD,0,0.5,2,0,10
9D7EBE7E297B017DEA8B7133AEB4325E,2013-11-28 10:23:04,2013-11-28 10:26:08,1,-73.961143,40.769024,-73.952408,40.766293,4.5,CRD,0,0.5,1,0,6
9D7EBE7E297B017DEA8B7133AEB4325E,2013-11-28 10:49:12,2013-11-28 10:59:09,2,-73.963585,40.776993,-73.947571,40.772682,8.5,CRD,0,0.5,1.8,0,10.8
9D7EBE7E297B017DEA8B7133AEB4325E,2013-11-28 11:15:00,2013-11-28 11:19:01,2,-73.973183,40.764038,-73.958481,40.762222,5,CRD,0,0.5,1.5,0,7
9D7EBE7E297B017DEA8B7133AEB4325E,2013-11-28 11:29:57,2013-11-28 11:35:57,2,-73.97187,40.765652,-73.979713,40.754768,6,CRD,0,0.5,1.6,0,8.1
9D7EBE7E297B017DEA8B7133AEB4325E,2013-11-28 11:38:20,2013-11-28 12:13:47,2,-73.979385,40.754292,-73.98819,40.762123,17,CSH,0,0.5,0,0,17.5
9D7EBE7E297B017DEA8B7133AEB4325E,2013-11-28 12:24:39,2013-11-28 13:14:02,2,-73.987823,40.762512,-73.785294,40.643196,52,CRD,0,0.5,20,5.33,77.83
